Contact Method,Name,Date,Time,City,State,Observer,Vessel,GIS Latitude,GIS Longitude,Depth (ft),Location,Region/Buoy#,Reef Zone,Wind Spd.,Air Temp (°F),SST (°F),Bottom Temp (°F),Cloud Cover,Bleaching?,Severity,Branching/Pillar,Brain,Encrusting/Mound/Boulder,Flowering/Cup,Leaf/Plate/Sheet,Fleshy,% bleached,Max Depth (ft),Min Depth (ft),Baseline Indicators,Baseline Indicators,Baseline Indicators,Notes,,,,,,,,,,,,,,,,,,,,,,,,,,,,,,,,,,,,,,,,,,,,,,,,,,,,,,,,,,,,,,,,,,,,,,,,,,,,,,,,,,,,,,,,,,,,,,,,,,,,,,,,,,,,,,,,,,,,,,,,,,,,,,,,,,,,,,,,,,,,
Email, Janice Duquesnel,5/17/2016,10:00,Islamorada ,FL,Research, Florida Park Service (FPS),25.22225,-80.28008,6, Basin Hill Shoals - Basin Open 2 Research site, Unmarked reef in Pennekamp. Entire reef was surveyed, Mid-Channel Reef,no data,no data,no data,no data,partly cloudy,Yes,paling,paling,paling,paling,none,none,none,1-10%,4,5,no data,no data,no data,We also observed dark spot disease on 9 colonies of SSID and black band disease on one colony of OFAV,,,,,,,,,,,,,,,,,,,,,,,,,,,,,,,,,,,,,,,,,,,,,,,,,,,,,,,,,,,,,,,,,,,,,,,,,,,,,,,,,,,,,,,,,,,,,,,,,,,,,,,,,,,,,,,,,,,,,,,,,,,,,,,,,,,,,,,,,,,,
Email, Janice Duquesnel,5/17/2016,14:30,Islamorada ,FL,Research, Florida Park Service (FPS),25.21695,-80.27827,6, Basin Hill Shoals - Basin Open 1 research site, Unmarked reef in Pennekamp. Entire reef was surveyed, Mid-Channel Reef,no data,no data,no data,no data,partly cloudy,Yes,paling,partial bleaching,paling,paling,none,none,none,1-10%,4,6,no data,no data,no data,"We also observed dark spot disease on 5 colonies of SSID, and fish bites on one colony of OANN, one colony of OFAV, and three colonies of OFAV",,, , ,,,,,,,,,,,,,,,,,,,,,,,,,,,,,,,,,,,,,,,,,,,,,,,,,,,,,,,,,,,,,,,,,,,,,,,,,,,,,,,,,,,,,,,,,,,,,,,,,,,,,,,,,,,,,,,,,,,,,,,,,,,,,,,,,,,,,,,,
Email, Janice Duquesnel,5/17/2016,13:00,Islamorada ,FL,Research, Florida Park Service (FPS),25.21650,-80.28770,7, Basin Hill Shoals - Basin Closed research only site in Pennekamp, Reef marked with Research Only buoys. , Mid-Channel Reef,no data,no data,no data,no data,partly cloudy,Yes,paling,paling,partial bleaching,paling,none,none,none,1-10%,5,10,no data,no data,no data,"We also observed dark spot disease on 18 colonies of SSID, and fish bites on 11 colonies of SSID and 3 colonies of PPOR",,, , , ,,,,,,,,,,,,,,,,,,,,,,,,,,,,,,,,,,,,,,,,,,,,,,,,,,,,,,,,,,,,,,,,,,,,,,,,,,,,,,,,,,,,,,,,,,,,,,,,,,,,,,,,,,,,,,,,,,,,,,,,,,,,,,,,,,,,,,,
Email, Janice Duquesnel,5/18/2016,12:00,Islamorada ,FL,Research, Florida Park Service (FPS),25.07293,-80.37920,7, Mosquito Banks - Mosquito Research Only site, Reef marked with Research Only buoys. , Mid-Channel Reef,no data,no data,no data,no data,mostly cloudy,Yes,paling,paling,paling,paling,none,none,none,11-30%,5,7,fire coral,no data,no data,We also observed dark spot disease on 25 colonies of SSID. (Plus a horse conch predating a queen conch), ,,,,,,,,,,,,,,,,,,,,,,,,,,,,,,,,,,,,,,,,,,,,,,,,,,,,,,,,,,,,,,,,,,,,,,,,,,,,,,,,,,,,,,,,,,,,,,,,,,,,,,,,,,,,,,,,,,,,,,,,,,,,,,,,,,,,,,,,,,,
Email, Janice Duquesnel,5/18/2016,10:00,Islamorada ,FL,Research, Florida Park Service (FPS),25.07446,-80.37673,10, Mosquito Banks - Mosquito Open North research site, Unmarked reef in Pennekamp. Entire reef was surveyed, Mid-Channel Reef,no data,no data,no data,no data,mostly cloudy,Yes,paling,none,paling,paling,partial bleaching,none,none,11-30%,4,10,fire coral,no data,no data,We also observed fish bites on one colony of PPOR and dark spot disease on 36 colonies of SSID and one colony of SINT,, , ,,,,,,,,,,,,,,,,,,,,,,,,,,,,,,,,,,,,,,,,,,,,,,,,,,,,,,,,,,,,,,,,,,,,,,,,,,,,,,,,,,,,,,,,,,,,,,,,,,,,,,,,,,,,,,,,,,,,,,,,,,,,,,,,,,,,,,,,,
Email, Janice Duquesnel,5/18/2016,14:00,Islamorada ,FL,Research, Florida Park Service (FPS),25.07895,-80.37756,5, Mosquito Banks - Mosquito Buoyed north research site, Reef marked with Research Only buoys. , Mid-Channel Reef,no data,no data,no data,no data,mostly cloudy,Yes,paling,paling,paling,paling,none,none,none,11-30%,3,5,fire coral,palythoa,no data,We also observed dark spot disease on 99 colonies of SSID, ,, , ,,,, , , ,,,,,,,,,, , , ,,,,,,,,,,,,,,, ,,,, ,,,,,,,,,,,,,,,,,,,,,,,,,,,,,,,,,,,,,,,,,,,,,,,,,,,,,,,,,,,,,,,,,,,,,,,,,,,,,,,,,,,,,,,,,,,,,,,,,,,
Email, Janice Duquesnel,5/18/2016,no data,Islamorada ,FL,Research, Florida Park Service (FPS),25.07256,-80.39010,7, Mosquito Banks - Moquito Buoyed south research site, Reef marked with Research Only buoys. ,Bank Reef,no data,no data,no data,no data,cloudy,Yes,partial bleaching,paling,none,partial bleaching,none,none,none,11-30%,4,7,no data,no data,no data,"We also observed dark spot disease on 30 colonies of SSID and on one colony of SINT.  The 2010 cold water bleaching event resulted in a 75-80% loss of coral coverage at the five sites at Mosquito Banks and only a 6% loss of coral at the three Basin Hill Shoals sites.  We observed mortality at the Mosquito Banks sites of  stony coral species including PAST, PPOR, DLAB, MCAV, OFAV and OANN which resulted in a loss of diversity. SSID, SINT and SBOU are now the prevalent stony coral species. We have also observed an increase in the abundance of octocoral species at the five sites at Mosquito Banks particularly of Gorgonia ventalina, Gorgonia flabellum, Briareum asbestinum, Plexaura homomalla, Pseduoplexaura spp., Eunicea spp., Muricea spp. and Pseudopterogorgia spp.", , ,, , ,,,, , , ,,,,,,,,,, , ,,,,,,,,,,,,,,,,,,,,,,,,,,,,,,,,,,,,,,,,,,,,,,,,,,,,,,,,,,,,,,,,,,,,,,,,,,,,,,,,,,,,,,,,,,,,,,,,,,,,,,,,,,,,,,,,,,,,,,
In Person, Cory Walter,5/31/2016,10:30,Summerland Key ,FL,Research,Mote Marine Laboratory (MML),24.53840,-81.45338,22, Site U/SWG Outplant Site,no data,other/don't know, 5-10 kts,no data,84,no data,no data,No,none,none,none,none,none,none,none,0%,no data,no data,no data,no data,no data,,, , , ,,,,,,,,,,,,,,, ,,,, ,,,,,,,,,,,,,,,,,,,,,,,,,,,,,, ,,, ,, ,, ,,,,, ,,,,,,, ,, ,,,,,,,,,,,,,,,,,,,,,,,,,,,,,,,,,,,,,,,,,,,,,,,,,,,,,,,,,,,,,,,,,,
In Person, Cory Walter,6/1/2016,12:00,Summerland Key ,FL,Research,Mote Marine Laboratory (MML),24.45275,-81.87515,22, Sand Key,no data,Bank Reef, 5-10 kts,no data,no data,no data,no data,No,none,none,none,none,none,none,none,0%,no data,no data,palythoa,no data,no data,,,,,,,,,,,,,,,,,,,,,,,,,,,,,,,,,,,,,,,,,,,,,,,,,,,,,,,,,,,,,,,,,,,,,,,,,,,,,,,,,,,,,,,,,,,,,,,,,,,,,,,,,,,,,,,,,,,,,,,,,,,,,,,,,,,,,,,,,,,,,
Email, Cindy Lewis,6/2/2016,9:30,Long Key ,FL,Research, Keys Marine Laboratory (KML),24.76550,-80.75218,30, Middle Keys, Tennessee ROA Big Anchor,Bank Reef, 5-10 kts,86,86,86,clear,No,none,none,none,none,none,none,none,0%,no data,no data,no data,no data,no data,"no disease observed, dense macro algal cover",,,,,,,,,,,,,,,,,,,,,,,,,,,,,,,,,,,,,,,,,,,,,,,,,,,,,,,,,,,,,,,,,,,,,,,,,,,,,,,,,,,,,,,,,,,,,,,,,,,,,,,,,,,,,,,,,,,,,,,,,,,,,,,,,,,,,,,,,,,,
Email, Cindy Lewis,6/2/2016,11:00,Long Key ,FL,Research, Keys Marine Laboratory (KML),24.71298,-80.84927,100, Middle Keys, Long Key Ledge deep, Deep Reef, 0-5 kts,86,86,82,clear,No,none,none,none,none,none,none,none,0%,no data,no data,no data,no data,no data,"no disease observed, top 20' of water murky green 30C (bay water?)",,,,,,,,,,,,,,,,,,,,,,,,,,,,,,,,,,,,,,,,,,,,,,,,,,,,,,,,,,,,,,,,,,,,,,,,,,,,,,,,,,,,,,,,,,,,,,,,,,,,,,,,,,,,,,,,,,,,,,,,,,,,,,,,,,,,,,,,,,,,
Email, Cindy Lewis,6/2/2016,14:00,Long Key ,FL,Research, Keys Marine Laboratory (KML),24.71780,-80.84210,30, Middle Keys, LKLD-2,Bank Reef,no data,86,86,86,clear,No,none,none,none,none,none,none,none,0%,no data,no data,no data,no data,no data,no disease observed, , ,,,,,,,,,,,,,,, ,,,, ,,,,,,,,,,,,,,,,,,,,,,,,,,,,,,,,,,,,,,,,,,,,,,,,,,,,,,,,,,,,,,,,,,,,,,,,,,,,,,,,,,,,,,,,,,,,,,,,,,,,,,,,,,,,,,,,,,,,,,,
In Person, Cory Walter,6/2/2016,13:30,Summerland Key ,FL,Research,Mote Marine Laboratory (MML),24.45471,-81.85921,22, Rock Key,no data,Bank Reef, 5-10 kts,no data,no data,no data,no data,No,none,none,none,none,none,none,none,0%,no data,no data,palythoa,palythoa,no data,,,,,, , , ,,,,,,,,,,,,,,, ,,,, ,,,,,,,,,,,,,,,,,,,,,,,,,,,,,,,,,,,,,,,,,,,,,,,,,,,,,,,,,,,,,,,,,,,,,,,,,,,,,,,,,,,,,,,,,,,,,,,,,,,,,,,,,,,,,,,,,,
Email, Tyler Bond,6/3/2016,10:00,Summerland Key ,FL,Education, OA Ocean Adventure/Florida Sea Base,24.84387,-80.72108,no data, Calusa Rocks,no data,other/don't know,no data,no data,no data,no data,no data,No,none,none,none,none,none,none,none,0%,no data,no data,no data,no data,no data,,, , , ,, ,,,,,,,,,,,,,,,,,,,,,,,,,,,,,,,,,,,,,,,,,,,,,,,,,,,,,,,,,,,,,,,,,,,,,,,,,,,,,,,,,,,,,,,,,,,,,,,,,,,,,,,,,,,,,,,,,,,,,,,,,,,,,,,,,,,,,,
In Person, Cory Walter,6/4/2016,15:30,Summerland Key ,FL,Research,Mote Marine Laboratory (MML),24.52294,-81.51694,22, American Shoals,no data,Bank Reef, 5-10 kts,84,no data,no data,no data,No,none,none,none,none,none,none,none,0%,no data,no data,palythoa,no data,no data,,,,,,,, , , ,,,,,,,,,,,,,,, ,,,, ,,,,,,,,,,,,,,,,,,,,,,,,,,,,,,,,,,,,,,,,,,,,,,,,,,,,,,,,,,,,,,,,,,,,,,,,,,,,,,,,,,,,,,,,,,,,,,,,,,,,,,,,,,,,,,,,
In Person, Cory Walter,6/4/2016,10:00,Summerland Key ,FL,Research,Mote Marine Laboratory (MML),24.57917,-81.49692,15, Birthday Reef,no data, Patch Reef, 10-15 kts,no data,no data,no data,no data,Yes,paling,none,paling,paling,none,none,none,no data,no data,no data,palythoa,no data,no data,White disease on 10-15 colonies of OANN,,,,,,,,,,,,,,,,,,,,,,,,,,,,,,,,,,,,,,,,,,,,,,,,,,,,,,,,,,,,,,,,,,,,,,,,,,,,,,,,,,,,,,,,,,,,,,,,,,,,,,,,,,,,,,,,,,,,,,,,,,,,,,,,,,,,,,,,,,,,
Email,Ester Peters,6/4/2016,no data,Ft. Lauderdale,FL,Research,George Mason,25.22237,-80.20989,no data,Carysfort,no data,Bank Reef, 10-15 kts,no data,no data,no data,no data,No,none,none,none,none,none,none,none,0%,no data,no data,no data,no data,no data,White blotchy disease on SSID's,,,,,,,,,,,,,,,,,,,,,,,,,,,,,,,,,,,,,,,,,,,,,,,,,,,,,,,,,,,,,,,,,,,,,,,,,,,,,,,,,,,,,,,,,,,,,,,,,,,,,,,,,,,,,,,,,,,,,,,,,,,,,,,,,,,,,,,,,,,,
Email, Tyler Bond,6/10/2016,11:00,Summerland Key ,FL,Education, OA Ocean Adventure/Florida Sea Base,24.62666,-81.10799,no data, Sombrero Key Reef,no data,Bank Reef,no data,no data,no data,no data,no data,No,none,none,none,none,none,none,none,0%,no data,no data,no data,no data,no data,,,, , , ,, , ,,,,,,,,,,,,,,,,,,,,,,,,,,,,,,,,,,,,,,,,,,,,,,,,,,,,,,,,,,,,,,,,,,,,,,,,,,,,,,,,,,,,,,,,,,,,,,,,,,,,,,,,,,,,,,,,,,,,,,,,,,,,,,,,,,,,
Email,Bill Goodwin,6/10/2016,11:00,Key Largo ,FL,Research,Florida Keys National Marine Sanctuary (FKNMS),24.84724,-80.62019,no data, Alligator SPA,no data,other/don't know,no data,no data,no data,no data,no data,No,none,none,none,none,none,none,none,0%,no data,no data,no data,no data,no data,,,,,,,,,,,,,,,,,,,,,,,,,,,,,,,,,,,,,,,,,,,,,,,,,,,,,,,,,,,,,,,,,,,,,,,,,,,,,,,,,,,,,,,,,,,,,,,,,,,,,,,,,,,,,,,,,,,,,,,,,,,,,,,,,,,,,,,,,,,,,
Email,Bill Goodwin,6/10/2016,11:00,Key Largo ,FL,Research,Florida Keys National Marine Sanctuary (FKNMS),25.04450,-80.36997,no data,White Banks,no data,other/don't know,no data,no data,no data,no data,no data,No,none,none,none,none,none,none,none,0%,no data,no data,no data,no data,no data,,,,,,,,,,,,,,,,,,,,,,,,,,,,,,,,,,,,,,,,,,,,,,,,,,,,,,,,,,,,,,,,,,,,,,,,,,,,,,,,,,,,,,,,,,,,,,,,,,,,,,,,,,,,,,,,,,,,,,,,,,,,,,,,,,,,,,,,,,,,,
Email,Bill Goodwin,6/10/2016,11:30,Key Largo ,FL,Research,Florida Keys National Marine Sanctuary (FKNMS),24.93393,-80.54920,no data,Hens and Chickens,no data, Patch Reef,no data,no data,no data,no data,no data,No,none,none,none,none,none,none,none,0%,no data,no data,no data,no data,no data,No disease,,,,,,,,,,,,,,,,,,,,,,,,,,,,,,,,,,,,,,,,,,,,,,,,,,,,,,,,,,,,,,,,,,,,,,,,,,,,,,,,,,,,,,,,,,,,,,,,,,,,,,,,,,,,,,,,,,,,,,,,,,,,,,,,,,,,,,,,,,,,
Email,Bill Goodwin,6/10/2016,no data,Key Largo ,FL,Research,Florida Keys National Marine Sanctuary (FKNMS),24.99903,-80.46683,no data,Burrfish Reef,no data,other/don't know,no data,no data,no data,no data,no data,No,none,none,none,none,none,none,none,0%,no data,no data,no data,no data,no data,,,,,,,,,,,,,,,,,,,,,,,,,,,,,,,,,,,,,,,,,,,,,,,,,,,,,,,,,,,,,,,,,,,,,,,,,,,,,,,,,,,,,,,,,,,,,,,,,,,,,,,,,,,,,,,,,,,,,,,,,,,,,,,,,,,,,,,,,,,,,
Email, Tyler Bond,6/11/2016,no data,Summerland Key ,FL,Education, OA Ocean Adventure/Florida Sea Base,24.63030,-81.08110,no data, Coffin's Patch,no data,other/don't know,no data,no data,no data,no data,no data,No,none,none,none,none,none,none,none,0%,no data,no data,no data,no data,no data,,,,,,,,,,,,,,,,,,,,,,,,,,,,,,,,,,,,,,,,,,,,,,,,,,,,,,,,,,,,,,,,,,,,,,,,,,,,,,,,,,,,,,,,,,,,,,,,,,,,,,,,,,,,,,,,,,,,,,,,,,,,,,,,,,,,,,,,,,,,,
Email, Tyler Bond,6/12/2016,no data,Summerland Key ,FL,Education, OA Ocean Adventure/Florida Sea Base,24.62622,-81.11100,no data, Sombrero Key Reef,no data,Bank Reef,no data,no data,no data,no data,no data,No,none,none,none,none,none,none,none,0%,no data,no data,no data,no data,no data,,,,,,,,,,,,,,,,,,,,,,,,,,,,,,,,,,,,,,,,,,,,,,,,,,,,,,,,,,,,,,,,,,,,,,,,,,,,,,,,,,,,,,,,,,,,,,,,,,,,,,,,,,,,,,,,,,,,,,,,,,,,,,,,,,,,,,,,,,,,,
In Person,Cory Walter,6/13/2016,no data,Summerland Key ,FL,Research,Mote Marine Laboratory (MML),24.56023,-81.50127,20,Wonderland ,no data, Mid-Channel Reef, 5-10 kts,no data,no data,no data,no data,No,none,none,none,none,none,none,none,0%,no data,no data,palythoa,no data,no data,,,,,,,,,,,,,,,,,,,,,,,,,,,,,,,,,,,,,,,,,,,,,,,,,,,,,,,,,,,,,,,,,,,,,,,,,,,,,,,,,,,,,,,,,,,,,,,,,,,,,,,,,,,,,,,,,,,,,,,,,,,,,,,,,,,,,,,,,,,,,
In Person,Peter Horton,6/13/2016,no data,Key West ,FL,Education,Key West Resident,24.54213,-81.78972,12,Casa Marina Reef,40 yds. off Marker 4, Patch Reef, 5-10 kts,no data,no data,no data,partly cloudy,No,none,none,none,none,none,none,none,0%,no data,no data,no data,no data,no data,Looks like old mortality from previous bleaching?,,,,,,,,,,,,,,,,,,,,,,,,,,,,,,,,,,,,,,,,,,,,,,,,,,,,,,,,,,,,,,,,,,,,,,,,,,,,,,,,,,,,,,,,,,,,,,,,,,,,,,,,,,,,,,,,,,,,,,,,,,,,,,,,,,,,,,,,,,,,
In Person,Cory Walter,6/17/2016,no data,Summerland Key ,FL,Research,Mote Marine Laboratory (MML),24.53145,-81.48355,20,Site C Outplant,no data,other/don't know, 5-10 kts,no data,no data,no data,no data,No,none,none,none,none,none,none,none,0%,no data,no data,palythoa,no data,no data,White disease noted on 1 DSTO,,,,,,,,,,,,,,,,,,,,,,,,,,,,,,,,,,,,,,,,,,,,,,,,,,,,,,,,,,,,,,,,,,,,,,,,,,,,,,,,,,,,,,,,,,,,,,,,,,,,,,,,,,,,,,,,,,,,,,,,,,,,,,,,,,,,,,,,,,,,
In Person,Cory Walter,6/17/2016,no data,Summerland Key ,FL,Research,Mote Marine Laboratory (MML),24.54592,-81.40485,22,Looe SPA #10,no data,Bank Reef, 5-10 kts,no data,no data,no data,no data,No,none,none,none,none,none,none,none,0%,no data,no data,palythoa,no data,no data,"Funky SSID disease and white pox on APAL.  Also, OANN look a little off or paling.",,,,,,,,,,,,,,,,,,,,,,,,,,,,,,,,,,,,,,,,,,,,,,,,,,,,,,,,,,,,,,,,,,,,,,,,,,,,,,,,,,,,,,,,,,,,,,,,,,,,,,,,,,,,,,,,,,,,,,,,,,,,,,,,,,,,,,,,,,,,
Email, Allen Kuhn,6/17/2016,11:00,New Port Richey ,FL,Education, The Nature Conservancey,25.04450,-80.36997,10,White Banks,no data, Patch Reef, 0-5 kts,88,84,no data,partly cloudy,No,none,none,none,none,none,none,none,0%,no data,no data,no data,no data,no data,"Resubmit of form to include ""NONE"" for overall bleaching severity. Cory",,,,,,,,,,,,,,,,,,,,,,,,,,,,,,,,,,,,,,,,,,,,,,,,,,,,,,,,,,,,,,,,,,,,,,,,,,,,,,,,,,,,,,,,,,,,,,,,,,,,,,,,,,,,,,,,,,,,,,,,,,,,,,,,,,,,,,,,,,,,
Email, Richard and Patricia Collins,6/19/2016,no data,Big Pine Key,FL,Resident,Summerland Key Resident ,24.54605,-81.40478,20, Looe Key Buoy 11,Buoy #11,Bank Reef,no data,no data,85,no data,no data,Yes,paling,none,none,partial bleaching,none,none,partial bleaching,1-10%,8,20,no data,no data,no data,See photos sent to Cory Walter on 6/21/16. We also noticed and sent photo of what we think might be yellow-band disease on a photo sent same day.,,,,,,,,,,,,,,,,,,,,,,,,,,,,,,,,,,,,,,,,,,,,,,,,,,,,,,,,,,,,,,,,,,,,,,,,,,,,,,,,,,,,,,,,,,,,,,,,,,,,,,,,,,,,,,,,,,,,,,,,,,,,,,,,,,,,,,,,,,,,
Email, Donna Blaszcak,6/22/2016,11:00,Marathon ,FL,Resident, M/V Calypso Voyager,24.62536,-81.11285,26, Sombrero Key Reef, west end,Bank Reef,no data,no data,no data,85,no data,No,none,none,none,none,none,none,none,0%,no data,no data,no data,no data,no data,,, ,,,,,,,, ,, ,,,,,,,,,,,,,,,,,,,,,,,,,,,,,,,,,,,,,,,,,,,,,,,,,,,,,,,,,,,,,,,,,,,,,,,,,,,,,,,,,,,,,,,,,,,,,,,,,,,,,,,,,,,,,,,,,,,,,,,,,,,,,,,,
Email, Sarah Egner,6/22/2016,11:00,Key Largo ,FL,Education, MarineLab,25.11003,-80.30693,25, Banana Reef (Key Largo), south end of Grecian rocks,Bank Reef, 5-10 kts,no data,no data,no data,clear,Yes,upper surface,none,partial bleaching,partial bleaching,none,none,none,1-10%,8,10,palythoa,no data,no data,black band disease,, ,,,,,,,, ,,,,,,,, ,, ,, ,,,,,,,,,,,, ,,,, ,, ,, ,,,,,,,, ,,,, ,,,,,,, , , ,, , ,,,, , , ,,,,,,,,,, , , ,,,,,,,,,,,,,,, ,,,, ,,,,,,,,,,,,,,,,,,,,,,,,,,,,,, ,,,,,,,
Email, Danielle Morley,6/23/2016,11:00,Marathon ,FL,Research, Florida Fish and Wildlife (FWC),24.66585,-81.07066,18, Washer Woman,no data, Patch Reef, 5-10 kts,87,86,85,partly cloudy,No,none,none,none,none,none,none,none,0%,no data,no data,no data,no data,no data,,,,,,,, , , ,, , ,,,,,,,,,,,,,,,,,,,,,,,,,,,,,,,,,,,,,,,,,,,,,,,,,,,,,,,,,,,,,,,,,,,,,,,,,,,,,,,,,,,,,,,,,,,,,,,,,,,,,,,,,,,,,,,,,,,,,,,,,,,,,,,,
In Person,Peter Horton,6/23/2016,11:00,Key West ,FL,Resident,Key West Resident,24.45437,-81.85772,21,Rock Key,Buoy #R4, Patch Reef, 5-10 kts,86,84,no data,partly cloudy,No,none,none,none,none,none,none,none,0%,no data,no data,palythoa,fire coral,no data,Some fire coral tips were white.,,,,,,,,,,,,,,,,,,,,,,,,,,,,,,,,,,,,,,,,,,,,,,,,,,,,,,,,,,,,,,,,,,,,,,,,,,,,,,,,,,,,,,,,,,,,,,,,,,,,,,,,,,,,,,,,,,,,,,,,,,,,,,,,,,,,,,,,,,,,
Email, Tyler Bond,6/23/2016,no data,Summerland Key ,FL,Education, OA Ocean Adventure/Florida Sea Base,24.62533,-81.10988,no data, Coffin's Patch,no data,other/don't know,no data,no data,no data,no data,no data,No,none,none,none,none,none,none,none,0%,no data,no data,no data,no data,no data,, ,,,, ,,,,,,,,,,,,,,,,,,,,,,,,,,,,,,,,,,,,,,,,,,,,,,,,,,,,,,,,,,,,,,,,,,,,,,,,,,,,,,,,,,,,,,,,,,,,,,,,,,,,,,,,,,,,,,,,,,,,,,,,,,,,,,,,,,,,,,,
In Person,Cory Walter,6/24/2016,11:00,Summerland Key ,FL,Research,Mote Marine Laboratory (MML),24.55245,-81.38409,no data,Site A Outplant,no data,other/don't know, 5-10 kts,no data,no data,no data,partly cloudy,No,none,none,none,none,none,none,none,0%,no data,no data,no data,no data,no data,No disease noted.,,,,,,,,,,,,,,,,,,,,,,,,,,,,,,,,,,,,,,,,,,,,,,,,,,,,,,,,,,,,,,,,,,,,,,,,,,,,,,,,,,,,,,,,,,,,,,,,,,,,,,,,,,,,,,,,,,,,,,,,,,,,,,,,,,,,,,,,,,,,
In Person,Cory Walter,6/24/2016,13:00,Summerland Key ,FL,Research,Mote Marine Laboratory (MML),24.55116,-81.38960,no data,Site H Outplant ,no data,other/don't know,no data,no data,no data,no data,no data,No,none,none,none,none,none,none,none,0%,no data,no data,no data,no data,no data,"White band disease on outplants, did not notice on other corals.",,,,,,,,,,,,,,,,,,,,,,,,,,,,,,,,,,,,,,,,,,,,,,,,,,,,,,,,,,,,,,,,,,,,,,,,,,,,,,,,,,,,,,,,,,,,,,,,,,,,,,,,,,,,,,,,,,,,,,,,,,,,,,,,,,,,,,,,,,,,
Email, Tyler Bond,6/24/2016,no data,Summerland Key ,FL,Education, OA Ocean Adventure/Florida Sea Base,24.62666,-81.10799,no data, Sombrero Key Reef,no data,Bank Reef,no data,no data,no data,no data,partly cloudy,No,none,none,none,none,none,none,none,0%,no data,no data,no data,no data,no data,,,,,,,,,,,,,,,,,,,,,,,,,,,,,,,,,,,,,,,,,,,,,,,,,,,,,,,,,,,,,,,,,,,,,,,,,,,,,,,,,,,,,,,,,,,,,,,,,,,,,,,,,,,,,,,,,,,,,,,,,,,,,,,,,,,,,,,,,,,,,
Email, Donna Blaszcak,6/24/2016,no data,Marathon ,FL,Resident, M/V Calypso Voyager,24.66073,-81.25085,12, Bahia Honda SP,no data, Hardbottom,no data,no data,no data,88,no data,No,none,none,none,none,none,none,none,0%,15,10,no data,no data,no data,This was an inshore grass bed.  Found one small star coral head (about 1,,,, ,,,,,,,, ,, ,, ,,,,,,,,,,,, ,,,, ,, ,, ,,,,,,,, ,,,, ,,,,,,, , , ,, , ,,,, , , ,,,,,,,,,, , , ,,,,,,,,,,,,,,, ,,,, ,,,,,,,,,,,,,,,,,,,,,,,,,,,,,,,,,,,,,,,,,,,
Email, Donna Blaszcak,6/25/2016,11:00,Marathon ,FL,Resident, M/V Calypso Voyager,24.62562,-81.11107,26, Sombrero Key Reef, moored on #14; dove #10 to #12,Bank Reef,no data,no data,no data,86,no data,No,none,none,none,none,none,none,none,0%,no data,no data,no data,no data,no data,Everything looked GREAT!,,,,,,,,,,,,,,,,,,,,,,,,,,,,,,,,,,,,,,,,,,,,,,,,,,,,,,,,,,,,,,,,,,,,,,,,,,,,,,,,,,,,,,,,,,,,,,,,,,,,,,,,,,,,,,,,,,,,,,,,,,,,,,,,,,,,,,,,,,,,
In Person,Joey Mandera,6/26/2016,11:00,Summerland Key ,FL,Research,Mote Marine Laboratory (MML),24.48928,-81.67348,no data,Middle Sambo,no data,Bank Reef,no data,no data,no data,no data,no data,No,none,none,none,none,none,none,none,0%,no data,no data,no data,no data,no data,Black band disease on MCAV,,,,,,,,,,,,,,,,,,,,,,,,,,,,,,,,,,,,,,,,,,,,,,,,,,,,,,,,,,,,,,,,,,,,,,,,,,,,,,,,,,,,,,,,,,,,,,,,,,,,,,,,,,,,,,,,,,,,,,,,,,,,,,,,,,,,,,,,,,,,
In Person,Cory Walter,6/27/2016,11:00,Summerland Key ,FL,Research,Mote Marine Laboratory (MML),24.55182,-81.38751,27,Site N Outplant,no data,other/don't know, 5-10 kts,no data,no data,no data,partly cloudy,No,none,none,none,none,none,none,none,0%,no data,no data,no data,no data,no data,no disease,,,,,,,,,,,,,,,,,,,,,,,,,,,,,,,,,,,,,,,,,,,,,,,,,,,,,,,,,,,,,,,,,,,,,,,,,,,,,,,,,,,,,,,,,,,,,,,,,,,,,,,,,,,,,,,,,,,,,,,,,,,,,,,,,,,,,,,,,,,,
Email, Cindy Lewis,6/27/2016,11:00,Long Key ,FL,Research, Keys Marine Laboratory (KML),24.84724,-80.62019,25, Alligator SPA,no data,Bank Reef, 5-10 kts,85,no data,no data,clear,No,none,none,none,none,none,none,none,0%,no data,no data,no data,no data,no data,no disease reported,,,,,,,,,,,,,,,,,,,,,,,,,,,,,,,,,,,,,,,,,,,,,,,,,,,,,,,,,,,,,,,,,,,,,,,,,,,,,,,,,,,,,,,,,,,,,,,,,,,,,,,,,,,,,,,,,,,,,,,,,,,,,,,,,,,,,,,,,,,,
Email, Michele Mason,6/27/2016,11:00,Summerland Key ,FL,Resident,Summerland Key Resident ,24.61541,-81.39309,8, Newfound Harbor Sanctuary Preservation Zone,Buoy # 1 & 5, Hardbottom, 5-10 kts,86,87,no data,mostly cloudy,No,none,none,none,none,none,none,none,0%,no data,no data,no data,no data,no data,At Buoy 5 I will monitor a massive starlet coral which has fish bites but also lighter areas which Cory Walter advises could be disease. I have a photo.,, ,,,,,,,,,,,,,,,,,,,,,,,,,,,,,,,,,,,,,,,,,,,,,,,,,,,,,,,,,,,,,,,,,,,,,,,,,,,,,,,,,,,,,,,,,,,,,,,,,,,,,,,,,,,,,,,,,,,,,,,,,,,,,,,,,,,,,,,,,,
Email, Cindy Lewis,6/28/2016,no data,Long Key ,FL,Research, Keys Marine Laboratory (KML),24.71823,-80.84495,no data, Tennessee Reef,no data,Bank Reef, 5-10 kts,85,no data,no data,clear,No,none,none,none,none,none,none,none,0%,no data,no data,no data,no data,no data,no disease reported,,,,, ,,,, ,,,,,,, , , ,, , ,,,, , , ,,,,,,,,,, , , ,,,,,,,,,,,,,,,,,,,,,,,,,,,,,,,,,,,,,,,,,,,,,,,,,,,,,,,,,,,,,,,,,,,,,,,,,,,,,,,,,,,,,,,,,,,,,,,,,,,,,
Email, Cindy Lewis,6/28/2016,11:00,Long Key ,FL,Research, Keys Marine Laboratory (KML),24.90046,-80.61723,20, Cheeca Rocks SPA,no data, Patch Reef, 5-10 kts,85,no data,no data,clear,No,none,none,none,none,none,none,none,0%,no data,no data,no data,no data,no data,no disease reported,,,,,,,,,,,,,,,,,,,,,,,,,,,,,,,,,,,,,,,,,,,,,,,,,,,,,,,,,,,,,,,,,,,,,,,,,,,,,,,,,,,,,,,,,,,,,,,,,,,,,,,,,,,,,,,,,,,,,,,,,,,,,,,,,,,,,,,,,,,,
In Person,Peter Horton,6/28/2016,no data,Key West ,FL,Resident,Key West Resident,24.54263,-81.78987,no data,Casa Marina Reef,no data, Patch Reef, 5-10 kts,84,86,82,partly cloudy,No,none,none,none,none,none,none,none,0%,no data,no data,no data,no data,no data,,,,,,,,,,,,,,,,,,,,,,,,,,,,,,,,,,,,,,,,,,,,,,,,,,,,,,,,,,,,,,,,,,,,,,,,,,,,,,,,,,,,,,,,,,,,,,,,,,,,,,,,,,,,,,,,,,,,,,,,,,,,,,,,,,,,,,,,,,,,,
Email, Bill Ferrell C/O Keys Marine Lab,6/29/2016,12:00,Long Key ,FL,Research,Keys Marine Laboratory (KML),24.68489,-80.96512,20, Coffins patch stake,no data, Patch Reef, 0-5 kts,86,86,86,clear,Yes,partial bleaching,none,none,partial bleaching,none,none,none,1-10%,10,20,palythoa,no data,no data,The bleaching I am reporting on S SSID may have been disease. It was blotchy with some yellowish parts and some white spots. Also saw one S SSID with black band disease.,,,,,,,,,,,,,,,,,,,,,,,,,,,,,,,,,,,,,,,,,,,,,,,,,,,,,,,,,,,,,,,,,,,,,,,,,,,,,,,,,,,,,,,,,,,,,,,,,,,,,,,,,,,,,,,,,,,,,,,,,,,,,,,,,,,,,,,,,,,,
Email, Bill Ferrell C/O Keys Marine Lab,6/29/2016,10:30,Long Key ,FL,Research,Keys Marine Laboratory (KML),24.66118,-80.99418,23, Pillar Patch (West end of Coffins patch SPA),no data, Patch Reef, 0-5 kts,87,86,86,clear,Yes,partial bleaching,partial bleaching,none,none,none,none,none,1-10%,12,20,palythoa,no data,no data,"signs of white plague, and black band on the pillar coral. A few of the pillar corals had lower parts that were bleached white",, ,,,,,,,,,,,,,,,,,,,,,,,,,,,,,,,,,,,,,,,,,,,,,,,,,,,,,,,,,,,,,,,,,,,,,,,,,,,,,,,,,,,,,,,,,,,,,,,,,,,,,,,,,,,,,,,,,,,,,,,,,,,,,,,,,,,,,,,,,,
Email, Bill Ferrell C/O Keys Marine Lab,6/29/2016,11:00,Long Key ,FL,Research,Keys Marine Laboratory (KML),24.62572,-81.11760,23, Sombrero Key Reef, west end,Bank Reef, 0-5 kts,87,86,86,no data,No,none,none,none,none,none,none,none,0%,no data,no data,no data,no data,no data,Water was green with current on west side flowing SSW and current on East side flowing ENE.  No bleaching observed.,,,, ,,,,,,, , , ,, , ,,,, , , ,,,,,,,,,, , , ,,,,,,,,,,,,,,,,,,,,,,,,,,,,,,,,,,,,,,,,,,,,,,,,,,,,,,,,,,,,,,,,,,,,,,,,,,,,,,,,,,,,,,,,,,,,,,,,,,,,,,,,,,
In Person,Peter Horton,6/29/2016,11:00,Key West ,FL,Resident,Key West Resident,24.44450,-81.92643,21,Western Dry Rocks,no data,Bank Reef, 5-10 kts,86,87,85,clear,No,none,none,none,none,none,none,none,0%,no data,no data,no data,no data,no data,,,,,,,,,,,,,,,,,,,,,,,,,,,,,,,,,,,,,,,,,,,,,,,,,,,,,,,,,,,,,,,,,,,,,,,,,,,,,,,,,,,,,,,,,,,,,,,,,,,,,,,,,,,,,,,,,,,,,,,,,,,,,,,,,,,,,,,,,,,,,
Email, Trevor Thompson,6/29/2016,11:00,Medina ,OH,Visitor, OA Ocean Adventure/Florida Sea Base,24.68500,-80.39642,20, Coffin's Patch,no data, Patch Reef,no data,no data,no data,no data,no data,No,none,none,none,none,none,none,none,0%,no data,no data,no data,no data,no data,,, ,, ,, ,,,,,,,,,,,,,,,,,,,,,,,,,,,,,,,,,,,,,,,,,,,,,,,,,,,,,,,,,,,,,,,,,,,,,,,,,,,,,,,,,,,,,,,,,,,,,,,,,,,,,,,,,,,,,,,,,,,,,,,,,,,,,,,,,,,,,,
Email, Richard and Patricia Collins,6/29/2016,no data,Big Pine Key,FL,Resident,Summerland Key Resident ,24.54465,-81.40939,25, Looe Key Buoy 29,Buoy #29,Bank Reef,no data,no data,no data,no data,no data,No,none,none,none,none,none,none,none,0%,no data,no data,no data,no data,no data,Not much bleaching but algae seems to be over growing soft corals. Will send a few pictures and label the email Looe Key Buoy 29.,,,,,,,,,,,,,,,,,,,,,,,,,,,,,,,,,,,,,,,,,,,,,,,,,,,,,,,,,,,,,,,,,,,,,,,,,,,,,,,,,,,,,,,,,,,,,,,,,,,,,,,,,,,,,,,,,,,,,,,,,,,,,,,,,,,,,,,,,,,,
Email, Richard and Patricia Collins,6/29/2016,no data,Big Pine Key,FL,Resident,Summerland Key Resident ,24.61528,-81.39270,15, Newfound Harbor Sanctuary Preservation Zone,Buoy # 5, Patch Reef,no data,no data,no data,no data,no data,No,none,none,none,none,none,none,none,0%,no data,no data,no data,no data,no data,"There did not appear to be any new paling or bleaching, although those patch reefs have a lot of old damage. We did observe some new coral growth and healthy sea fans, although we did see a sea fan overgrown which was a first for either of us. We will send pictures to go with this with fire coral report and the subject will be Newfound Harbor June 29 Buoy 5.",,,,,, ,, ,,,,,,,, ,,,,,,,, ,, ,, ,,,,,,,,,,,, ,,,, ,, ,, ,,,,,,,, ,,,, ,,,,,,, , , ,, , ,,,, , , ,,,,,,,,,, , , ,,,,,,,,,,,,,,, ,,,, ,,,,,,,,,,,,,,,,,,,,,,,,,,,,,,,
Email, Trevor Thompson,6/30/2016,11:00,Medina ,OH,Visitor, OA Ocean Adventure/Florida Sea Base,24.62548,-81.11178,30, Sombrero Key Reef,no data,Bank Reef,no data,no data,no data,no data,clear,No,none,none,none,none,none,none,none,0%,no data,no data,no data,no data,no data,,,,, ,, ,, ,,,,,,,,,,,, ,,,,,,,,,,,,,,,,,,,,,,,,,,,,,,,,,,,,,,,,,,,,,,,,,,,,,,,,,,,,,,,,,,,,,,,,,,,,,,,,,,,,,,,,,,,,,,,,,,,,,,,,,,,,,,,,,,,,,,,,
Email, Donna Blaszcak,6/30/2016,11:00,Marathon ,FL,Resident, M/V Calypso Voyager,24.70406,-80.93953,27, Joe's Reef (NE of Coffin's Patch SPA),no data, Patch Reef,no data,no data,no data,85,no data,No,none,none,bleaching,none,none,none,none,1-10%,25,27,no data,no data,no data,"Over all, the reef looked GREAT.  However, after a 2 hr. dive, I came across a total of 3 relatively small (1-2 cubic foot) Brain Corals, which were completely white, but looked healthy other wise.  I will submit photos under",,,,,,,,,,,,,,,,,,,,,,,,,,,,,,,,,,,,,,,,,,,,,,,,,,,,,,,,,,,,,,,,,,,,,,,,,,,,,,,,,,,,,,,,,,,,,,,,,,,,,,,,,,,,,,,,,,,,,,,,,,,,,,,,,,,,,,,,,,,,
Email, Erich Bartels,7/1/2016,10:30,Summerland Key ,FL,Research,Mote Marine Laboratory (MML),24.53840,-81.45338,25, Site U/SWG Outplant Site,no data, Patch Reef, 10-15 kts,no data,no data,no data,no data,No,none,none,none,none,none,none,none,0%,no data,no data,no data,no data,no data,No disease noted,,,,,, ,,,,,,,,,,,,,,,,,,,,,,,,,,,,,,,,,,,,,,,,,,,,,,,,,,,,,,,,,,,,,,,,,,,,,,,,,,,,,,,,,,,,,,,,,,,,,,,,,,,,,,,,,,,,,,,,,,,,,,,,,,,,,,,,,,,,,,
Email, Erich Bartels,7/4/2016,11:30,Summerland Key ,FL,Research,Mote Marine Laboratory (MML),24.55077,-81.37998,55, Hill Shallow,no data,other/don't know,no data,no data,no data,no data,no data,No,none,none,none,none,none,none,none,0%,no data,no data,no data,no data,no data,No disease noted,,,,,,,, ,,,, ,, ,, ,,,,,,,, ,,,, ,,,,,,,,,,,,,,,,,,,,,,,,,,,,,,,,,,,,,,,,,,,,,,,,,,,,,,,,,,,,,,,,,,,,,,,,,,,,,,,,,,,,,,,,,,,,,,,,,,,,,,,,,,,,,,,,
Email, Erich Bartels,7/4/2016,14:00,Summerland Key ,FL,Research,Mote Marine Laboratory (MML),24.55290,-81.38015,25,Site P Outplant,no data,other/don't know,no data,no data,no data,no data,no data,No,none,none,none,none,none,none,none,0%,no data,no data,no data,no data,no data,No disease noted,,,,,,,,,, ,,,, ,, ,, ,,,,,,,, ,,,, ,,,,,,, , , ,, ,,,,,,,,,,,,,,,,,,,,,,,,,,,,,,,,,,,,,,,,,,,,,,,,,,,,,,,,,,,,,,,,,,,,,,,,,,,,,,,,,,,,,,,,,,,,,,,,,,,
Email, Erich Bartels,7/4/2016,11:00,Summerland Key ,FL,Research,Mote Marine Laboratory (MML),24.56883,-81.38113,25, Patch E of Looe ROA,no data, Patch Reef,no data,no data,no data,no data,no data,No,none,none,none,none,none,none,none,0%,no data,no data,no data,no data,no data,No disease noted,,,,,,,,,,,, ,,,, ,, ,, ,,,,,,,, ,,,, ,,,,,,, , , ,, , ,,,, , , ,,,,,,,,,, , , ,,,,,,,,,,,,,,, ,,,, ,,,,,,,,,,,,,,,,,,,,,,,,,,,,,,,,,,,,,,,,,,,,,,,,,,,,,,,,,,,
In Person, Cory Walter,7/5/2016,11:00,Summerland Key ,FL,Research,Mote Marine Laboratory (MML),24.53725,-81.44683,60, Ace of Spades,no data,other/don't know, 5-10 kts,no data,no data,no data,no data,No,none,none,none,none,none,none,none,0%,no data,no data,no data,no data,no data,Saw some white disease on OFAV...about 10 colonies,,,, ,,,, ,, ,, ,,,,,,,, ,,,, ,,,,,,, , , ,,,,,,,,,,,,,,,,,,,,,,,,,,,,,,,,,,,,,,,,,,,,,,,,,,,,,,,,,,,,,,,,,,,,,,,,,,,,,,,,,,,,,,,,,,,,,,,,,,,,,,,,,,,
Email,Brian Reckenbeil,7/5/2016,no data,Marathon ,FL,Research, Florida Fish and Wildlife (FWC),24.62648,-81.10862,20, Sombrero Key Reef,no data,Bank Reef,no data,no data,no data,no data,no data,No,none,none,none,none,none,none,none,0%,no data,no data,no data,no data,no data,no disease noted,,,,,,,,,,,,,,,,,,,,,,,,,,,,,,,,,,,,,,,,,,,,,,,,,,,,,,,,,,,,,,,,,,,,,,,,,,,,,,,,,,,,,,,,,,,,,,,,,,,,,,,,,,,,,,,,,,,,,,,,,,,,,,,,,,,,,,,,,,,,
Email, Erich Bartels,7/7/2016,11:00,Summerland Key ,FL,Research,Mote Marine Laboratory (MML),24.55268,-81.38230,25, Combat Wounded Veterans,no data,other/don't know,no data,no data,no data,no data,no data,No,none,none,none,none,none,none,none,0%,no data,no data,no data,no data,no data,No disease reported,,,,,,,,,,,,,,,,,,,,,,,,,,,,,,,,,,,,,,,,,,,,,,,,,,,,,,,,,,,,,,,,,,,,,,,,,,,,,,,,,,,,,,,,,,,,,,,,,,,,,,,,,,,,,,,,,,,,,,,,,,,,,,,,,,,,,,,,,,,,
Email, Cindy Lewis,7/8/2016,11:00,Long Key ,FL,Research, Keys Marine Laboratory (KML),24.69000,-80.91900,25, Middle Keys, Critter Ridge,Bank Reef, 5-10 kts,86,86,88,clear,No,none,none,none,none,none,none,none,0%,no data,no data,no data,no data,no data,"no disease, DCYL old WP",,,,,,,,,,,,,,,,,,,,,,,,,,,,,,,,,,,,,,,,,,,,,,,,,,,,,,,,,,,,,,,,,,,,,,,,,,,,,,,,,,,,,,,,,,,,,,,,,,,,,,,,,,,,,,,,,,,,,,,,,,,,,,,,,,,,,,,,,,,,
Email, Cindy Lewis,7/8/2016,13:15,Long Key ,FL,Research, Keys Marine Laboratory (KML),24.71800,-80.84500,20, Middle Keys, LKLD-1,Bank Reef, 5-10 kts,86,86,88,clear,No,none,none,none,none,none,none,none,0%,no data,no data,no data,no data,no data,"no disease, DCYL old WP",,,, ,, ,, ,,,,,,,, ,,,, ,,,,,,, , , ,, , ,,,, , , ,,,,,,,,,, , , ,,,,,,,,,,,,,,, ,,,, ,,,,,,,,,,,,,,,,,,,,,,,,,,,,,,,,,,,,,,,,,,,,,,,,,,,,,,,,,,,,,,,,,,,,,,,
In Person, Cory Walter,7/8/2016,11:00,Summerland Key ,FL,Research,Mote Marine Laboratory (MML),24.45511,-81.85623,20, Rock Key,Buoy # 8,Bank Reef, 5-10 kts,no data,no data,no data,no data,No,none,none,none,none,none,none,none,0%,no data,no data,palythoa,no data,no data,,No disease noted, ,,,, ,, ,, ,,,,,,,, ,,,,,,,,,,,,,,,,,,,,,,,,,,,,,,,,,,,,,,,,,,,,,,,,,,,,,,,,,,,,,,,,,,,,,,,,,,,,,,,,,,,,,,,,,,,,,,,,,,,,,,,,,,,,,,,,,,,,,,,,,,
Email, Janice Duquesnel,7/8/2016,11:00,Islamorada ,FL,Research, Florida Park Service (FPS),24.88335,-80.67696,1, Seagrass bed near Indian Key. Marker #5 along Indian Key Channel, seagrass bed,other/don't know,no data,no data,no data,no data,no data,Yes,partial bleaching,partial bleaching,none,partial bleaching,none,none,none,1-10%,no data,1,no data,no data,no data,"While conducting a seagrass grounding assessment, I observed a few colonies  of SSID and PFUR that were partially bleached. Although I was not in reef of SSID and PFUR that were partially bleached. Although I was not in reef seagrass and macro algae species",,,,,,,,,,,,,,,,,,,,,,,,,,,,,,,,,,,,,,,,,,,,,,,,,,,,,,,,,,,,,,,,,,,,,,,,,,,,,,,,,,,,,,,,,,,,,,,,,,,,,,,,,,,,,,,,,,,,,,,,,,,,,,,,,,,,,,,,,,,,
In Person,Peter Horton,7/8/2016,no data,Key West ,FL,Resident,Key West Resident,24.45440,-81.85772,21,Rock Key,Buoy #R4,Bank Reef, 10-15 kts,89,89,88,clear,No,none,none,none,none,none,none,none,0%,no data,no data,no data,no data,no data,,,,,,,,,,,,,,,,,,,,,,,,,,,,,,,,,,,,,,,,,,,,,,,,,,,,,,,,,,,,,,,,,,,,,,,,,,,,,,,,,,,,,,,,,,,,,,,,,,,,,,,,,,,,,,,,,,,,,,,,,,,,,,,,,,,,,,,,,,,,,
Email,Brian Reckenbeil,7/8/2016,no data,Marathon ,FL,Research, Florida Fish and Wildlife (FWC),24.65678,-81.00973,no data,Tropical Rocks,no data,other/don't know,no data,no data,no data,no data,no data,No,none,none,none,none,none,none,none,0%,no data,no data,no data,no data,no data,no disease noted,,,,,,,,,,,,,,,,,,,,,,,,,,,,,,,,,,,,,,,,,,,,,,,,,,,,,,,,,,,,,,,,,,,,,,,,,,,,,,,,,,,,,,,,,,,,,,,,,,,,,,,,,,,,,,,,,,,,,,,,,,,,,,,,,,,,,,,,,,,,
In Person,Joey Mandera,7/10/2016,no data,Summerland Key ,FL,Research,Mote Marine Laboratory (MML),24.62355,-82.94247,no data,Windjamer Wreck,no data,other/don't know,no data,no data,no data,no data,no data,No,none,none,none,none,none,none,none,0%,no data,no data,no data,no data,no data,BBD on CNAT,,,,,,,,,,,,,,,,,,,,,,,,,,,,,,,,,,,,,,,,,,,,,,,,,,,,,,,,,,,,,,,,,,,,,,,,,,,,,,,,,,,,,,,,,,,,,,,,,,,,,,,,,,,,,,,,,,,,,,,,,,,,,,,,,,,,,,,,,,,,
Email,Derek Manzello,7/11/2016,10:45,"Miami, FL",FL,Research,NOAA,24.90046,-80.61723,20, Cheeca Rocks SPA,no data, Patch Reef,no data,no data,no data,no data,no data,Yes,paling,no data,no data,no data,no data,no data,no data,1-10%,no data,no data,no data,no data,no data,"Overall, the reef looked very healthy.  I did not see any disease other than maybe one or two aberrant colonies, and only a few were showing some paling.",,,,,,,,,,,,,,,,,,,,,,,,,,,,,,,,,,,,,,,,,,,,,,,,,,,,,,,,,,,,,,,,,,,,,,,,,,,,,,,,,,,,,,,,,,,,,,,,,,,,,,,,,,,,,,,,,,,,,,,,,,,,,,,,,,,,,,,,,,,,
In Person, Cory Walter,7/12/2016,no data,Summerland Key ,FL,Research,Mote Marine Laboratory (MML),24.52292,-81.51683,22, American Shoals,no data,Bank Reef, 5-10 kts,no data,no data,no data,no data,No,none,none,none,none,none,none,none,0%,no data,no data,palythoa,no data,no data,Saw 1 OFAV with blackband, ,,, ,, ,,,,,,,,,,,,,,,,,,,,,,,,,,,,,,,,,,,,,,,,,,,,,,,,,,,,,,,,,,,,,,,,,,,,,,,,,,,,,,,,,,,,,,,,,,,,,,,,,,,,,,,,,,,,,,,,,,,,,,,,,,,,,,,,,,,,,,
Email,Erich Bartels,7/12/2016,11:30,Summerland Key ,FL,Research,Mote Marine Laboratory (MML),24.56023,-81.50127,25,Wonderland ,no data, Mid-Channel Reef, 5-10 kts,no data,no data,no data,no data,Yes,paling,none,none,paling,none,none,none,1-10%,no data,no data,no data,no data,no data,BBD (small amounts),,,,,,,,,,,,,,,,,,,,,,,,,,,,,,,,,,,,,,,,,,,,,,,,,,,,,,,,,,,,,,,,,,,,,,,,,,,,,,,,,,,,,,,,,,,,,,,,,,,,,,,,,,,,,,,,,,,,,,,,,,,,,,,,,,,,,,,,,,,,
Email,Erich Bartels,7/12/2016,11:00,Summerland Key ,FL,Research,Mote Marine Laboratory (MML),24.54129,-81.44066,22,ACER 84/85,no data,Bank Reef,no data,no data,no data,no data,no data,No,none,none,none,none,none,none,none,0%,no data,no data,no data,no data,no data,no disease noted,,,,,,,,,,,,,,,,,,,,,,,,,,,,,,,,,,,,,,,,,,,,,,,,,,,,,,,,,,,,,,,,,,,,,,,,,,,,,,,,,,,,,,,,,,,,,,,,,,,,,,,,,,,,,,,,,,,,,,,,,,,,,,,,,,,,,,,,,,,,
Email,Erich Bartels,7/12/2016,11:00,Summerland Key ,FL,Research,Mote Marine Laboratory (MML),24.52999,-81.48959,24,ACER 77/78,no data,Bank Reef,no data,no data,no data,no data,no data,No,none,none,none,none,none,none,none,0%,no data,no data,no data,no data,no data,no disease noted,,,,,,,,,,,,,,,,,,,,,,,,,,,,,,,,,,,,,,,,,,,,,,,,,,,,,,,,,,,,,,,,,,,,,,,,,,,,,,,,,,,,,,,,,,,,,,,,,,,,,,,,,,,,,,,,,,,,,,,,,,,,,,,,,,,,,,,,,,,,
Email,Erich Bartels,7/12/2016,no data,Summerland Key ,FL,Research,Mote Marine Laboratory (MML),24.52672,-81.50054,24,ACER 76,no data,Bank Reef,no data,no data,no data,no data,no data,No,none,none,none,none,none,none,none,0%,no data,no data,no data,no data,no data,no disease noted,,,,,,,,,,,,,,,,,,,,,,,,,,,,,,,,,,,,,,,,,,,,,,,,,,,,,,,,,,,,,,,,,,,,,,,,,,,,,,,,,,,,,,,,,,,,,,,,,,,,,,,,,,,,,,,,,,,,,,,,,,,,,,,,,,,,,,,,,,,,
In Person, Dave Vaughan,7/13/2016,11:00,Summerland Key ,FL,Research,Mote Marine Laboratory (MML),24.54480,-81.81020,15," Fort Zachery Taylor State Park, Key West", Behind Beach Jetty,other/don't know,no data,no data,no data,no data,no data,Yes,paling,none,paling,paling,none,none,none,11-30%,12,15,no data,no data,no data,,, ,, ,,,,,, ,, ,,,,,,,,,,,,,,,,,,,,,,,,,,,,,,,,,,,,,,,,,,,,,,,,,,,,,,,,,,,,,,,,,,,,,,,,,,,,,,,,,,,,,,,,,,,,,,,,,,,,,,,,,,,,,,,,,,,,,,,,,,,,,,,,
In Person,Peter Horton,7/13/2016,no data,Key West ,FL,Resident,Key West Resident,24.54268,-81.78997,12,Casa Marina Reef,40 yds. off Marker 4, Patch Reef, 5-10 kts,87,92,89,partly cloudy,Yes,paling,none,none,paling,none,none,none,11-30%,no data,no data,no data,no data,no data,Black Band Disease on SSID,,,,,,,,,,,,,,,,,,,,,,,,,,,,,,,,,,,,,,,,,,,,,,,,,,,,,,,,,,,,,,,,,,,,,,,,,,,,,,,,,,,,,,,,,,,,,,,,,,,,,,,,,,,,,,,,,,,,,,,,,,,,,,,,,,,,,,,,,,,,
In Person,Peter Horton,7/13/2016,no data,Key West ,FL,Resident,Key West Resident,24.44487,-81.92653,21,Western Dry Rocks, Buoy # WD3,Bank Reef, 5-10 kts,87,90,88,partly cloudy,No,none,none,none,none,none,none,none,0%,no data,no data,palythoa,fire coral,no data,,,,,,,,,,,,,,,,,,,,,,,,,,,,,,,,,,,,,,,,,,,,,,,,,,,,,,,,,,,,,,,,,,,,,,,,,,,,,,,,,,,,,,,,,,,,,,,,,,,,,,,,,,,,,,,,,,,,,,,,,,,,,,,,,,,,,,,,,,,,,
In Person,Cory Walter,7/13/2016,13:30,Summerland Key ,FL,Research,Mote Marine Laboratory (MML),24.45350,-81.86000,no data,Rock Key,no data,Bank Reef,no data,no data,no data,no data,no data,No,none,none,none,none,none,none,none,0%,no data,no data,no data,no data,no data,no disease noted,,,,,,,,,,,,,,,,,,,,,,,,,,,,,,,,,,,,,,,,,,,,,,,,,,,,,,,,,,,,,,,,,,,,,,,,,,,,,,,,,,,,,,,,,,,,,,,,,,,,,,,,,,,,,,,,,,,,,,,,,,,,,,,,,,,,,,,,,,,,
Email, Dan Merselis,7/13/2016,11:00,"Miami, FL",FL,Research,Florida International University (FIU),24.93517,-80.54949,20, Hens and Chickens,no data, Patch Reef, 0-5 kts,no data,no data,no data,no data,Yes,upper surface,none,partial bleaching,partial bleaching,partial bleaching,none,none,1-10%,10,20,no data,no data,no data,,,,,,,,,,,,,,,,,,,,,,,,,,,,,,,,,,,,,,,,,,,,,,,,,,,,,,,,,,,,,,,,,,,,,,,,,,,,,,,,,,,,,,,,,,,,,,,,,,,,,,,,,,,,,,,,,,,,,,,,,,,,,,,,,,,,,,,,,,,,,
In Person, Cory Walter,7/14/2016,11:00,Summerland Key ,FL,Research,Mote Marine Laboratory (MML),24.55290,-81.38015,25, Big Pine Ledge,no data,Bank Reef, 10-15 kts,no data,no data,no data,no data,No,none,none,none,none,none,none,none,0%,no data,no data,fire coral,no data,no data,No disease noted.,, ,,,,,, ,, ,,,,,,,, ,,,,,,,, ,, ,, ,,,,,,,,,,,,,,,,,,,,,,,,,,,,,,,,,,,,,,,,,,,,,,,,,,,,,,,,,,,,,,,,,,,,,,,,,,,,,,,,,,,,,,,,,,,,,,,,,,,,,,,,,,,,,,
Email, Michele Mason,7/14/2016,no data,Summerland Key ,FL,Resident,Summerland Key Resident,24.61622,-81.39160,7.7, Newfound Harbor Sanctuary Preservation Zone, Buoy  #3 and #5, Hardbottom, 5-10 kts,85,88,no data,no data,Yes,paling,none,paling,paling,paling,none,none,1-10%,4,7,no data,no data,no data,,,,, ,, ,,,,,,,,,,,,,,,,,,,,,,,,,,,,,,,,,,,,,,,,,,,,,,,,,,,,,,,,,,,,,,,,,,,,,,,,,,,,,,,,,,,,,,,,,,,,,,,,,,,,,,,,,,,,,,,,,,,,,,,,,,,,,,,,,,,,,,
Email,Trudy Ferraro,7/14/2016,no data,Key Largo ,FL,Research, Florida Park Service (FPS),25.11140,-80.34038,no data,Cannon Patch,no data,other/don't know,no data,no data,no data,no data,no data,No,none,none,none,none,none,none,none,0%,no data,no data,no data,no data,no data,no disease noted,,,,,,,,,,,,,,,,,,,,,,,,,,,,,,,,,,,,,,,,,,,,,,,,,,,,,,,,,,,,,,,,,,,,,,,,,,,,,,,,,,,,,,,,,,,,,,,,,,,,,,,,,,,,,,,,,,,,,,,,,,,,,,,,,,,,,,,,,,,,
Email,Trudy Ferraro,7/14/2016,no data,Key Largo ,FL,Research, Florida Park Service (FPS),25.11110,-80.34002,no data,Cannon Patch,no data,other/don't know,no data,no data,no data,no data,no data,No,none,none,none,none,none,none,none,0%,no data,no data,no data,no data,no data,Dark spot on approx. 2% SSID,,,,,,,,,,,,,,,,,,,,,,,,,,,,,,,,,,,,,,,,,,,,,,,,,,,,,,,,,,,,,,,,,,,,,,,,,,,,,,,,,,,,,,,,,,,,,,,,,,,,,,,,,,,,,,,,,,,,,,,,,,,,,,,,,,,,,,,,,,,,
Email,Trudy Ferraro,7/14/2016,no data,Key Largo ,FL,Research, Florida Park Service (FPS),25.11016,-80.34073,no data,Cannon Patch,no data,other/don't know,no data,no data,no data,no data,no data,Yes,paling,none,none,paling,none,none,none,1-10%,no data,no data,no data,no data,no data,Dark spot on approx. 2% SSID,,,,,,,,,,,,,,,,,,,,,,,,,,,,,,,,,,,,,,,,,,,,,,,,,,,,,,,,,,,,,,,,,,,,,,,,,,,,,,,,,,,,,,,,,,,,,,,,,,,,,,,,,,,,,,,,,,,,,,,,,,,,,,,,,,,,,,,,,,,,
Email,Trudy Ferraro,7/14/2016,no data,Key Largo ,FL,Research, Florida Park Service (FPS),25.11000,-80.34111,no data,Cannon Patch,no data,other/don't know,no data,no data,no data,no data,no data,Yes,paling,none,none,paling,none,none,none,1-10%,no data,no data,no data,no data,no data,Dark spot on approx. 2% SSID,,,,,,,,,,,,,,,,,,,,,,,,,,,,,,,,,,,,,,,,,,,,,,,,,,,,,,,,,,,,,,,,,,,,,,,,,,,,,,,,,,,,,,,,,,,,,,,,,,,,,,,,,,,,,,,,,,,,,,,,,,,,,,,,,,,,,,,,,,,,
Email,Trudy Ferraro,7/14/2016,no data,Key Largo ,FL,Research, Florida Park Service (FPS),25.11643,-80.34102,no data,Cannon Patch,no data,other/don't know,no data,no data,no data,no data,no data,Yes,paling,none,none,paling,none,none,none,1-10%,no data,no data,no data,no data,no data,Minor paling on SINT and SSID.  Dark spot on 5% of SSID,,,,,,,,,,,,,,,,,,,,,,,,,,,,,,,,,,,,,,,,,,,,,,,,,,,,,,,,,,,,,,,,,,,,,,,,,,,,,,,,,,,,,,,,,,,,,,,,,,,,,,,,,,,,,,,,,,,,,,,,,,,,,,,,,,,,,,,,,,,,
Email,Trudy Ferraro,7/14/2016,11:00,Key Largo ,FL,Research, Florida Park Service (FPS),25.12285,-80.33810,no data,Cannon Patch,no data,other/don't know,no data,no data,no data,no data,no data,Yes,paling,none,none,paling,none,none,none,1-10%,no data,no data,no data,no data,no data,Minor paling on SINT and SSID.  Dark spot on 2% of SSID,,,,,,,,,,,,,,,,,,,,,,,,,,,,,,,,,,,,,,,,,,,,,,,,,,,,,,,,,,,,,,,,,,,,,,,,,,,,,,,,,,,,,,,,,,,,,,,,,,,,,,,,,,,,,,,,,,,,,,,,,,,,,,,,,,,,,,,,,,,,
Email, Bill Ferrell C/O Keys Marine Lab,7/16/2016,11:00,Long Key ,FL,Resident,Keys Marine Laboratory (KML),24.73360,-80.82650,26, Long Key Bridge rubble,no data,other/don't know, 10-15 kts,90,86,86,partly cloudy,No,none,none,none,none,none,none,none,0%,no data,no data,no data,no data,no data,,,,,,, ,, ,,,,,, ,, ,,,,,,,, ,,,,,,,,,,,,,,,,,,,,,,,,,,,,,,,,,,,,,,,,,,,,,,,,,,,,,,,,,,,,,,,,,,,,,,,,,,,,,,,,,,,,,,,,,,,,,,,,,,,,,,,,,,,,,,,,,,,,
Email,Vanessa Brinkhuis,7/17/2016,no data,Marathon ,FL,Research, Florida Fish and Wildlife (FWC),25.11185,-80.30520,20,Grecian Rocks,no data, Patch Reef,no data,no data,no data,no data,no data,No,none,none,none,none,none,none,none,0%,no data,no data,no data,no data,no data,"9 species affected with White Plague, the unknown White Blotch and other unknown white syndromes.  It is the worst disease outbreak I have observed over my 10 years of field work at one site.  It is affecting Orbicella annularis, Montastraea cavernosa, Psuedodiploria strigosa, Diploria labyrinthiformis, Colpophyllia natans, Siderastrea siderea,  Meandrina meandrites, Dichocoenia stokesii and Eusmilia fastigiata. Most Meandrina and Dichocoenia are 100% recently dead.  The two large iconic CNATs at mooring ball#12 are affected, the largest showing active spreading white blotch type disease and the next largest CNAT already 99% dead.  It was a very sad dive. ",,,,,,,,,,,,,,,,,,,,,,,,,,,,,,,,,,,,,,,,,,,,,,,,,,,,,,,,,,,,,,,,,,,,,,,,,,,,,,,,,,,,,,,,,,,,,,,,,,,,,,,,,,,,,,,,,,,,,,,,,,,,,,,,,,,,,,,,,,,,
Email,Jeri Goldberg,7/18/2016,no data,Islamorada ,FL,Dive Industry,Key Dives/Giant Stride,24.88830,-80.54898,90,Victory Reef,no data,Bank Reef,15-20 kts,85,85,84,clear,Yes,upper surface,none,none,paling,none,none,none,1-10%,46,75,gorgonians,no data,no data,Dark spot disease on coral.,,,,,,,,,,,,,,,,,,,,,,,,,,,,,,,,,,,,,,,,,,,,,,,,,,,,,,,,,,,,,,,,,,,,,,,,,,,,,,,,,,,,,,,,,,,,,,,,,,,,,,,,,,,,,,,,,,,,,,,,,,,,,,,,,,,,,,,,,,,,
Email,Rob Ruzicka,7/18/2016,no data,Marathon ,FL,Research, Florida Fish and Wildlife (FWC),25.00921,-80.37446,no data, Molases Reef,no data,other/don't know,no data,no data,no data,no data,no data,No,none,none,none,none,none,none,none,0%,no data,no data,no data,no data,no data,"Disease, but less than 1% of the white disease",,,,,,,,,,,,,,,,,,,,,,,,,,,,,,,,,,,,,,,,,,,,,,,,,,,,,,,,,,,,,,,,,,,,,,,,,,,,,,,,,,,,,,,,,,,,,,,,,,,,,,,,,,,,,,,,,,,,,,,,,,,,,,,,,,,,,,,,,,,,
Email,Jeri Goldberg,7/19/2016,no data,Islamorada ,FL,Dive Industry,Key Dives/Giant Stride,24.88945,-80.55660,31,The Maze,no data, Patch Reef,15-20 kts,89,83,82,clear,Yes,paling,none,paling,paling,none,none,none,11-30%,no data,no data,no data,no data,no data,Dark spot disease on coral.,,,,,,,,,,,,,,,,,,,,,,,,,,,,,,,,,,,,,,,,,,,,,,,,,,,,,,,,,,,,,,,,,,,,,,,,,,,,,,,,,,,,,,,,,,,,,,,,,,,,,,,,,,,,,,,,,,,,,,,,,,,,,,,,,,,,,,,,,,,,
Email,Rob Ruzicka,7/19/2016,no data,Marathon ,FL,Research, Florida Fish and Wildlife (FWC),25.22068,-80.21096,no data,Carysfort,no data,other/don't know,no data,no data,no data,no data,no data,No,none,none,none,none,none,none,none,0%,no data,no data,no data,no data,no data,Disease.  White blotch on SSID at 69%,,,,,,,,,,,,,,,,,,,,,,,,,,,,,,,,,,,,,,,,,,,,,,,,,,,,,,,,,,,,,,,,,,,,,,,,,,,,,,,,,,,,,,,,,,,,,,,,,,,,,,,,,,,,,,,,,,,,,,,,,,,,,,,,,,,,,,,,,,,,
In Person, Cory Walter,7/21/2016,11:00,Summerland Key ,FL,Research,Mote Marine Laboratory (MML),24.55268,-81.38230,21, Combat Wounded Veterans,no data, Patch Reef, 5-10 kts,no data,no data,no data,no data,No,none,none,none,none,none,none,none,0%,no data,no data,palythoa,no data,no data,no disease noted,,,,,,,,,,,,,,,, ,, ,,,,,, ,, ,,,,,,,, ,,,,,,,, ,, ,, ,,,,,,,,,,,, ,,,, ,, ,, ,,,,,,,, ,,,, ,,,,,,,,,,,,,,,,,,,,,,,,,,,,,,,,,,,,,,,,,,,,,,,,,,,,,,,,,,,,,,
In Person,Peter Horton,7/22/2016,no data,Key West ,FL,Resident,Key West Resident,24.45430,-81.85775,21,Rock Key,no data,Bank Reef, 5-10 kts,86,85,83,mostly cloudy,No,none,none,none,none,none,none,none,0%,no data,no data,palythoa,no data,no data,Beautiful blue water.  Water temp lower than previous week.,,,,,,,,,,,,,,,,,,,,,,,,,,,,,,,,,,,,,,,,,,,,,,,,,,,,,,,,,,,,,,,,,,,,,,,,,,,,,,,,,,,,,,,,,,,,,,,,,,,,,,,,,,,,,,,,,,,,,,,,,,,,,,,,,,,,,,,,,,,,
In Person, Cory Walter,7/22/2016,11:00,Summerland Key ,FL,Research,Mote Marine Laboratory (MML),24.53072,-81.48631,26, West of Outplant C,no data,other/don't know,no data,no data,no data,no data,no data,No,none,none,none,none,none,none,none,0%,no data,no data,fire coral,no data,no data,Darkspot on about 10 colonies of SSID,,,,,,,,,,,,,,,,,,,,,,,,,,,,,,,,,,,,,,,,,,,,,,,,,,,,,,,,,,,,,,,,,,,,,,,,,,,,,,,,,,,,,,,,,,,,,,,,,,,,,,,,,,,,,,,,,,,,,,,,,,,,,,,,,,,,,,,,,,,,
In Person, Cory Walter,7/22/2016,11:00,Summerland Key ,FL,Research,Mote Marine Laboratory (MML),24.52999,-81.49000,25, W of West of Outplant C,no data,Bank Reef, 5-10 kts,no data,no data,no data,no data,No,none,none,none,none,none,none,none,0%,no data,no data,fire coral,no data,no data,White disease on PSTR,, ,,,,,,,,,,,,,,,,,, ,, ,,,,,, ,, ,,,,,,,, ,,,,,,,, ,, ,, ,,,,,,,,,,,,,,,,,,,,,,,,,,,,,,,,,,,,,,,,,,,,,,,,,,,,,,,,,,,,,,,,,,,,,,,,,,,,,,,,,,,,,,,,,,
Email,Brian Reckenbeil,7/22/2016,no data,Marathon ,FL,Research, Florida Fish and Wildlife (FWC),24.71073,-80.94790,25,Middle Keys,no data,other/don't know,no data,no data,no data,no data,no data,Yes,paling,paling,none,paling,none,none,none,1-10%,no data,no data,no data,no data,no data,Outplanted corals were either partial bleaching or paling,,,,,,,,,,,,,,,,,,,,,,,,,,,,,,,,,,,,,,,,,,,,,,,,,,,,,,,,,,,,,,,,,,,,,,,,,,,,,,,,,,,,,,,,,,,,,,,,,,,,,,,,,,,,,,,,,,,,,,,,,,,,,,,,,,,,,,,,,,,,
Email, Michele Mason,7/23/2016,11:00,Summerland Key ,FL,Resident,Keys Marine Laboratory (KML),24.61622,-81.39160,9.7, Newfound Harbor Sanctuary Preservation Zone,Buoy # 1 & 5, Hardbottom, 0-5 kts,83,85,no data,no data,Yes,paling,none,paling,paling,none,none,none,no data,5,9.7,palythoa,gorgonians,no data,,,,,,,,,,,,,,,,,,,,,,,,,,,,,,,,,,,,,,,,,,,,,,,,,,,,,,,,,,,,,,,,,,,,,,,,,,,,,,,,,,,,,,,,,,,,,,,,,,,,,,,,,,,,,,,,,,,,,,,,,,,,,,,,,,,,,,,,,,,,,
Email, Dan Merselis,7/23/2016,11:00,"Miami, FL",FL,Research,Florida International University (FIU),24.95015,-80.43519,95, Conch Reef, Aquarius reef base,Bank Reef,no data,no data,no data,no data,no data,No,none,none,none,none,none,none,none,0%,no data,no data,no data,no data,no data,,,,,,,,,,, ,, ,,,,,, ,, ,,,,,,,, ,,,,,,,, ,, ,, ,,,,,,,,,,,,,,,,,,,,,,,,,,,,,,,,,,,,,,,,,,,,,,,,,,,,,,,,,,,,,,,,,,,,,,,,,,,,,,,,,,,,,,,,,,,,,,,,,,,,
Email, Bill Ferrell C/O Keys Marine Lab,7/23/2016,11:00,Long Key ,FL,Resident,Key West Resident,24.73670,-80.78243,116, 2 miles W of Tenn. Light,no data, Deep Reef, 5-10 kts,89,86,85,clear,No,none,none,none,none,none,none,none,0%,no data,no data,no data,no data,no data,,,,,,,,,,,,,,,,,,,,,,,,,,,,,,,,,,,,,,,,,,,,,,,,,,,,,,,,,,,,,,,,,,,,,,,,,,,,,,,,,,,,,,,,,,,,,,,,,,,,,,,,,,,,,,,,,,,,,,,,,,,,,,,,,,,,,,,,,,,,,
Email, Bill Ferrell C/O Keys Marine Lab,7/23/2016,12:00,Long Key ,FL,Resident,Keys Marine Laboratory (KML),24.73690,-80.79490,55, 3 miles W of Tenn. Light,no data,Bank Reef, 5-10 kts,89,86,86,partly cloudy,No,none,none,none,none,none,none,none,0%,no data,no data,no data,no data,no data,,,,,,,,,,,,,,,,,,,,,,,,,,,,,,,,,,,,,,,,,,,,,,,,,,,,,,,,,,,,,,,,,,,,,,,,,,,,,,,,,,,,,,,,,,,,,,,,,,,,,,,,,,,,,,,,,,,,,,,,,,,,,,,,,,,,,,,,,,,,,
Email,Jeri Goldberg,7/23/2016,no data,Islamorada ,FL,Dive Industry,Key Dives/Giant Stride,24.87828,-80.57016,26,Captain Arnos,no data, Patch Reef, 5-10 kts,89,no data,no data,clear,No,none,none,none,none,none,none,none,0%,no data,no data,no data,no data,no data,,,,,,,,,,,,,,,,,,,,,,,,,,,,,,,,,,,,,,,,,,,,,,,,,,,,,,,,,,,,,,,,,,,,,,,,,,,,,,,,,,,,,,,,,,,,,,,,,,,,,,,,,,,,,,,,,,,,,,,,,,,,,,,,,,,,,,,,,,,,,
In Person,Cory Walter,7/23/2016,no data,Summerland Key ,FL,Research,Mote Marine Laboratory (MML),24.54668,-81.40070,no data,Looe SPA #2,no data,other/don't know,no data,no data,no data,no data,no data,No,none,none,none,none,none,none,none,0%,no data,no data,no data,no data,no data,,,,,,,,,,,,,,,,,,,,,,,,,,,,,,,,,,,,,,,,,,,,,,,,,,,,,,,,,,,,,,,,,,,,,,,,,,,,,,,,,,,,,,,,,,,,,,,,,,,,,,,,,,,,,,,,,,,,,,,,,,,,,,,,,,,,,,,,,,,,,
In Person, Cory Walter,7/25/2016,11:00,Summerland Key ,FL,Research,Mote Marine Laboratory (MML),24.45918,-81.84405,23, Eastern Dry Rocks #2,no data,Bank Reef, 10-15 kts,no data,no data,no data,no data,No,none,none,none,none,none,none,none,0%,no data,no data,palythoa,no data,no data,"BBD on MMEA, OFAV with dead spots from fish bites,",, ,, ,,,,,,,,,,,,,,,,,, ,, ,,,,,, ,, ,,,,,,,, ,,,,,,,, ,, ,, ,,,,,,,,,,,, ,,,,,,,,,,,,,,,,,,,,,,,,,,,,,,,,,,,,,,,,,,,,,,,,,,,,,,,,,,,,,,,,,,,,,,,,,,,,
In Person,Peter Horton,7/26/2016,no data,Key West ,FL,Resident,Key West Resident,24.54257,-81.78995,12,Casa Marina Reef,no data,hardbottom, 10-15 kts,88,87,85,partly cloudy,Yes,paling,none,paling,paling,none,none,none,11-30%,no data,no data,no data,no data,no data,Choppy seas and bad vis,,,,,,,,,,,,,,,,,,,,,,,,,,,,,,,,,,,,,,,,,,,,,,,,,,,,,,,,,,,,,,,,,,,,,,,,,,,,,,,,,,,,,,,,,,,,,,,,,,,,,,,,,,,,,,,,,,,,,,,,,,,,,,,,,,,,,,,,,,,,
In Person, Cory Walter,7/26/2016,11:00,Summerland Key ,FL,Research,Mote Marine Laboratory (MML),24.45173,-81.87875,24, Sand Key,no data,Bank Reef, 10-15 kts,no data,no data,no data,no data,No,none,none,none,none,none,none,none,0%,no data,no data,palythoa,no data,no data,White disease on (3) OFAV,, ,, ,, ,,,,,,,,,,,,,,,,,, ,, ,,,,,, ,, ,,,,,,,, ,,,,,,,, ,, ,, ,,,,,,,,,,,, ,,,, ,, ,, ,,,,,,,, ,,,, ,,,,,,, , , ,, , ,,,, , , ,,,,,,,,,, , , ,,,,,,,,,,,,,,,,,,,,,,,,
In Person, Cory Walter,7/26/2016,11:00,Summerland Key ,FL,Research,Mote Marine Laboratory (MML),24.45686,-81.89728,35, Sand Key NorthWest,no data, Patch Reef, 10-15 kts,no data,no data,no data,no data,Yes,paling,none,none,paling,paling,none,paling,1-10%,no data,no data,fire coral,palythoa,no data,No disease noted,, ,, ,, ,, ,,,,,,,,,,,,,,,,,, ,, ,,,,,, ,, ,,,,,,,, ,,,,,,,, ,, ,, ,,,,,,,,,,,, ,,,, ,, ,,,,,,,,,,,,,,,,,,,,,,,,,,,,,,,,,,,,,,,,,,,,,,,,,,,,,,,,,,,,,,,,,,
In Person, Cory Walter,7/28/2016,11:00,Summerland Key ,FL,Research,Mote Marine Laboratory (MML),24.52801,-81.49483,no data, East of American Shoals,no data,other/don't know,no data,no data,no data,no data,no data,No,none,none,none,none,none,none,none,0%,no data,no data,no data,no data,no data,No disease noted,,,, ,, ,, ,, ,,,,,,,,,,,,,,,,,, ,, ,,,,,, ,, ,,,,,,,, ,,,,,,,, ,, ,, ,,,,,,,,,,,, ,,,, ,, ,, ,,,,,,,,,,,,,,,,,,,,,,,,,,,,,,,,,,,,,,,,,,,,,,,,,,,,,,,,,,,,,,
In Person, Cory Walter,7/28/2016,11:00,Summerland Key ,FL,Research,Mote Marine Laboratory (MML),24.53866,-81.44375,35, East of American Shoals,no data,other/don't know,no data,no data,no data,no data,no data,No,none,none,none,none,none,none,none,0%,no data,no data,no data,no data,no data,,,,, ,, ,, ,, ,, ,,,,,,,,,,,,,,,,,, ,, ,,,,,, ,, ,,,,,,,, ,,,,,,,, ,,,,,,,,,,,,,,,,,,,,,,,,,,,,,,,,,,,,,,,,,,,,,,,,,,,,,,,,,,,,,,,,,,,,,,,,,,,,,,,,,,,,
In Person, Cory Walter,7/28/2016,11:00,Summerland Key ,FL,Research,Mote Marine Laboratory (MML),24.54000,-81.44282,25, Unknown,no data,Bank Reef,no data,no data,83,no data,no data,No,none,none,none,none,none,none,none,0%,no data,no data,no data,no data,no data,,,, ,, ,, ,, ,, ,,,,,,,,,,,,,,,,,, ,, ,,,,,, ,, ,,,,,,,, ,,,,,,,, ,, ,, ,,,,,,,,,,,, ,,,, ,, ,, ,,,,,,,,,,,,,,,,,,,,,,,,,,,,,,,,,,,,,,,,,,,,,,,,,,,,,,,,,,,,,
In Person, Cory Walter,7/28/2016,11:00,Summerland Key ,FL,Research,Mote Marine Laboratory (MML),24.52818,-81.46950,25, Near Sand Key,no data,other/don't know, 10-15 kts,no data,no data,no data,no data,Yes,paling,none,paling,paling,none,none,paling,1-10%,no data,no data,palythoa,no data,no data,No disease noted,,,,,, ,, ,, ,, ,, ,,,,,,,,,,,,,,,,,, ,, ,,,,,, ,,,,,,,,,,,,,,,,,,,,,,,,,,,,,,,,,,,,,,,,,,,,,,,,,,,,,,,,,,,,,,,,,,,,,,,,,,,,,,,,,,,,,,,,,,,,,,,,,,,,
In Person, Cory Walter,7/29/2016,no data,Summerland Key ,FL,Research,Mote Marine Laboratory (MML),24.53840,-81.45338,no data, Site U/SWG Outplant Site,no data,other/don't know,no data,no data,no data,no data,no data,No,none,none,none,none,none,none,none,0%,no data,no data,no data,no data,no data,No disease noted,,,,,,,,,,,,,,,,,,,,,,,,,,,,,,,,,,,,,,,,,,,,,,,,,,,,,,,,,,,,,,,,,,,,,,,,,,,,,,,,,,,,,,,,,,,,,,,,,,,,,,,,,,,,,,,,,,,,,,,,,,,,,,,,,,,,,,,,,,,,
Email,Jeri Goldberg,7/30/2016,no data,Islamorada ,FL,Dive Industry,Key Dives/Giant Stride,25.00921,-80.37446,no data, Molases Reef,no data,other/don't know, 5-10 kts,87,82,82,clear,Yes,upper surface,none,paling,paling,none,none,none,1-10%,14,27,gorgonians,no data,no data,Lots of dead coral,,,,,,,,,,,,,,,,,,,,,,,,,,,,,,,,,,,,,,,,,,,,,,,,,,,,,,,,,,,,,,,,,,,,,,,,,,,,,,,,,,,,,,,,,,,,,,,,,,,,,,,,,,,,,,,,,,,,,,,,,,,,,,,,,,,,,,,,,,,,
In Person, Cory Walter,8/9/2016,no data,Summerland Key ,FL,Research,Mote Marine Laboratory (MML),24.45930,-81.84322,25,Eastern Dry Rocks,no data,other/don't know,no data,no data,no data,no data,no data,No,none,none,none,none,none,none,none,0%,no data,no data,no data,no data,no data,No disease noted,,,,,,,,,,,,,,,,,,,,,,,,,,,,,,,,,,,,,,,,,,,,,,,,,,,,,,,,,,,,,,,,,,,,,,,,,,,,,,,,,,,,,,,,,,,,,,,,,,,,,,,,,,,,,,,,,,,,,,,,,,,,,,,,,,,,,,,,,,,,
In Person,Peter Horton,8/9/2016,no data,Key West ,FL,Resident,Key West Resident,24.44452,-81.92572,21,Western Dry Rocks, Buoy # WD2,Bank Reef, 10-15 kts,86,87,85,partly cloudy,Yes,paling,no data,no data,no data,no data,no data,no data,1-10%,no data,no data,no data,no data,no data,,,,,,,,,,,,,,,,,,,,,,,,,,,,,,,,,,,,,,,,,,,,,,,,,,,,,,,,,,,,,,,,,,,,,,,,,,,,,,,,,,,,,,,,,,,,,,,,,,,,,,,,,,,,,,,,,,,,,,,,,,,,,,,,,,,,,,,,,,,,,
In Person,Peter Horton,8/9/2016,no data,Key West ,FL,Resident,Key West Resident,24.45450,-81.85748,21,Rock Key,Buoy #R4,other/don't know, 10-15 kts,87,86,83,partly cloudy,No,none,none,none,none,none,none,none,0%,no data,no data,no data,no data,no data,,,,,,,,,,,,,,,,,,,,,,,,,,,,,,,,,,,,,,,,,,,,,,,,,,,,,,,,,,,,,,,,,,,,,,,,,,,,,,,,,,,,,,,,,,,,,,,,,,,,,,,,,,,,,,,,,,,,,,,,,,,,,,,,,,,,,,,,,,,,,
In Person,Peter Horton,8/9/2016,no data,Key West ,FL,Resident,Key West Resident,24.54248,-81.78965,12,Casa Marina Reef,no data,other/don't know, 10-15 kts,87,89,87,partly cloudy,Yes,paling,no data,no data,no data,no data,no data,no data,1-10%,no data,no data,no data,no data,no data,,,,,,,,,,,,,,,,,,,,,,,,,,,,,,,,,,,,,,,,,,,,,,,,,,,,,,,,,,,,,,,,,,,,,,,,,,,,,,,,,,,,,,,,,,,,,,,,,,,,,,,,,,,,,,,,,,,,,,,,,,,,,,,,,,,,,,,,,,,,,
In Person, Cory Walter,8/10/2016,no data,Summerland Key ,FL,Research,Mote Marine Laboratory (MML),24.44386,-81.93501,25,Western Dry Rocks,no data,other/don't know,no data,no data,no data,no data,no data,No,none,none,none,none,none,none,none,0%,no data,no data,no data,no data,no data,MMEA with Dark spot,,,,,,,,,,,,,,,,,,,,,,,,,,,,,,,,,,,,,,,,,,,,,,,,,,,,,,,,,,,,,,,,,,,,,,,,,,,,,,,,,,,,,,,,,,,,,,,,,,,,,,,,,,,,,,,,,,,,,,,,,,,,,,,,,,,,,,,,,,,,
In Person, Cory Walter,8/10/2016,no data,Summerland Key ,FL,Research,Mote Marine Laboratory (MML),24.44481,-81.92654,25,West of Sand Key,no data,other/don't know,no data,no data,no data,no data,no data,Yes,paling,none,none,paling,none,none,none,1-10%,no data,no data,no data,no data,no data,OFAV with white dead spots/fish bites,,,,,,,,,,,,,,,,,,,,,,,,,,,,,,,,,,,,,,,,,,,,,,,,,,,,,,,,,,,,,,,,,,,,,,,,,,,,,,,,,,,,,,,,,,,,,,,,,,,,,,,,,,,,,,,,,,,,,,,,,,,,,,,,,,,,,,,,,,,,
In Person, Cory Walter,8/10/2016,no data,Summerland Key ,FL,Research,Mote Marine Laboratory (MML),24.45228,-81.87646,25,Sand Key,no data,other/don't know,no data,no data,no data,no data,no data,No,none,none,none,none,none,none,none,0%,no data,no data,no data,no data,no data,MCAV with BBD- 3 colonies,,,,,,,,,,,,,,,,,,,,,,,,,,,,,,,,,,,,,,,,,,,,,,,,,,,,,,,,,,,,,,,,,,,,,,,,,,,,,,,,,,,,,,,,,,,,,,,,,,,,,,,,,,,,,,,,,,,,,,,,,,,,,,,,,,,,,,,,,,,,
In Person, Cory Walter,8/10/2016,no data,Summerland Key ,FL,Research,Mote Marine Laboratory (MML),24.47388,-81.74365,25,Marker 32,no data,other/don't know,no data,no data,no data,no data,no data,No,none,none,none,none,none,none,none,0%,no data,no data,no data,no data,no data,No disease noted,,,,,,,,,,,,,,,,,,,,,,,,,,,,,,,,,,,,,,,,,,,,,,,,,,,,,,,,,,,,,,,,,,,,,,,,,,,,,,,,,,,,,,,,,,,,,,,,,,,,,,,,,,,,,,,,,,,,,,,,,,,,,,,,,,,,,,,,,,,,
Email,Brian Reckenbeil,8/10/2016,no data,Marathon ,FL,Research, Florida Fish and Wildlife (FWC),24.65678,-81.00973,no data,Tropical Rocks,no data,other/don't know,no data,no data,no data,no data,no data,No,none,none,none,none,none,none,none,0%,no data,no data,no data,no data,no data,Minor white band disease on 1-5 colonies,,,,,,,,,,,,,,,,,,,,,,,,,,,,,,,,,,,,,,,,,,,,,,,,,,,,,,,,,,,,,,,,,,,,,,,,,,,,,,,,,,,,,,,,,,,,,,,,,,,,,,,,,,,,,,,,,,,,,,,,,,,,,,,,,,,,,,,,,,,,
In Person, Cory Walter,8/11/2016,no data,Summerland Key ,FL,Research,Mote Marine Laboratory (MML),24.54948,-81.37972,no data,Hill Site,no data,other/don't know,no data,no data,no data,no data,no data,No,none,none,none,none,none,none,none,0%,no data,no data,no data,no data,no data,No disease noted,,,,,,,,,,,,,,,,,,,,,,,,,,,,,,,,,,,,,,,,,,,,,,,,,,,,,,,,,,,,,,,,,,,,,,,,,,,,,,,,,,,,,,,,,,,,,,,,,,,,,,,,,,,,,,,,,,,,,,,,,,,,,,,,,,,,,,,,,,,,
In Person, Cory Walter,8/12/2016,no data,Summerland Key ,FL,Research,Mote Marine Laboratory (MML),24.55290,-81.38015,no data,Site P Outplant,no data,other/don't know,no data,no data,no data,no data,no data,No,none,none,none,none,none,none,none,0%,no data,no data,no data,no data,no data,No disease noted,,,,,,,,,,,,,,,,,,,,,,,,,,,,,,,,,,,,,,,,,,,,,,,,,,,,,,,,,,,,,,,,,,,,,,,,,,,,,,,,,,,,,,,,,,,,,,,,,,,,,,,,,,,,,,,,,,,,,,,,,,,,,,,,,,,,,,,,,,,,
Email, Sarah Egner,8/12/2016,10:00,Key Largo ,FL,Education, MarineLab,25.12327,-80.29712,16, Key Largo Dry Rocks,Buoy # D13,Bank Reef, 10-15 kts,no data,86,no data,partly cloudy,Yes,paling,none,none,paling,none,none,none,1-10%,no data,16,fire coral,palythoa,gorgonians,Some Brain and Boulder corals had disease patches/blotches,,,,,,,,,,,,,,,,,,,,,,,,,,,,,,,,,,,,,,,,,,,,,,,,,,,,,,,,,,,,,,,,,,,,,,,,,,,,,,,,,,,,,,,,,,,,,,,,,,,,,,,,,,,,,,,,,,,,,,,,,,,,,,,,,,,,,,,,,,,,
Email, Michele Mason,8/19/2016,10:00,Summerland Key ,FL,Resident,Summerland Key Resident,24.61622,-81.39160,8.8, Newfound Harbor Sanctuary Preservation Zone,Buoy # 1 & 5, Patch Reef, 5-10 kts,89,86,no data,clear,Yes,paling,none,paling,paling,none,none,none,11-30%,3.5,8,gorgonians,no data,no data,"Two purple fans noted to have approx. 30% turned white, one with additional 50% paling. Photos taken.",, , ,,,,,,, ,, ,, ,, ,, ,,,,,,,,,,,,,,,,,, ,, ,,,,,, ,, ,,,,,,,, ,,,,,,,, ,, ,, ,,,,,,,,,,,, ,,,, ,, ,, ,,,,,,,, ,,,, ,,,,,,, , , ,, , ,,,, , , ,,,,,,,,,, , , ,,,,,,,,,,,,
In Person, Cory Walter,8/19/2016,10:00,Summerland Key ,FL,Research,Mote Marine Laboratory (MML),24.53836,-81.45360,22, Site U/SWG Outplant Site,no data,other/don't know,no data,no data,no data,no data,no data,Yes,paling,none,paling,paling,none,none,paling,1-10%,no data,no data,fire coral,palythoa,no data,No disease noted,,,,,,,,,,,,,,,,,,,,,,,,,,,,,,,,,,,,,,,,,,,,,,,,,,,,,,,,,,,,,,,,,,,,,,,,,,,,,,,,,,,,,,,,,,,,,,,,,,,,,,,,,,,,,,,,,,,,,,,,,,,,,,,,,,,,,,,,,,,,
In Person,Peter Horton,8/20/2016,10:45,Key West ,FL,Resident,Key West Resident,24.44495,-81.92650,21,Western Dry Rocks, Buoy # WD3,Bank Reef, 5-10 kts,86,86,83,partly cloudy,Yes,paling,none,paling,paling,none,none,none,1-10%,no data,no data,palythoa,Gorgonians,no data,Video showed mostly palythoa,,,,,,,,,,,,,,,,,,,,,,,,,,,,,,,,,,,,,,,,,,,,,,,,,,,,,,,,,,,,,,,,,,,,,,,,,,,,,,,,,,,,,,,,,,,,,,,,,,,,,,,,,,,,,,,,,,,,,,,,,,,,,,,,,,,,,,,,,,,,
In Person,Peter Horton,8/20/2016,11:50,Key West ,FL,Resident,Key West Resident,24.45445,-81.85770,21,Rock Key,Buoy #R4,Bank Reef,10-15 kts,84,87,83,partly cloudy,No,none,none,none,none,none,none,none,0%,no data,no data,no data,no data,no data,,,,,,,,,,,,,,,,,,,,,,,,,,,,,,,,,,,,,,,,,,,,,,,,,,,,,,,,,,,,,,,,,,,,,,,,,,,,,,,,,,,,,,,,,,,,,,,,,,,,,,,,,,,,,,,,,,,,,,,,,,,,,,,,,,,,,,,,,,,,,
In Person,Peter Horton,8/20/2016,14:15,Key West ,FL,Resident,Key West Resident,24.54262,-81.78972,12,Casa Marina Reef,40 yds. off Marker 4, Patch Reef, 5-10 kts,88,88,86,partly cloudy,No,none,none,none,none,none,none,none,0%,no data,no data,no data,no data,no data,Looks pretty good,,,,,,,,,,,,,,,,,,,,,,,,,,,,,,,,,,,,,,,,,,,,,,,,,,,,,,,,,,,,,,,,,,,,,,,,,,,,,,,,,,,,,,,,,,,,,,,,,,,,,,,,,,,,,,,,,,,,,,,,,,,,,,,,,,,,,,,,,,,,
Email,Jeri Goldberg,8/20/2016,10:30,Islamorada ,FL,Dive Industry,Key Dives/Giant Stride,24.87877,-80.57062,29,Captain Arnos,no data, Patch Reef,no data,88,86,85,partly cloudy,Yes,paling,none,paling,paling,none,none,none,1-10%,24,28,palythoa,no data,no data,no disease noted,,,,,,,,,,,,,,,,,,,,,,,,,,,,,,,,,,,,,,,,,,,,,,,,,,,,,,,,,,,,,,,,,,,,,,,,,,,,,,,,,,,,,,,,,,,,,,,,,,,,,,,,,,,,,,,,,,,,,,,,,,,,,,,,,,,,,,,,,,,,
Email,Lauri Maclaughlin,8/20/2016,12:00,Key Largo ,FL,Research,Florida Keys National Marine Sanctuary (FKNMS),25.13963,-80.29403,25,Key Largo Horseshoe,Buoy #H2, Patch Reef,no data,no data,84,84,no data,No,none,none,none,none,none,none,none,0%,no data,no data,no data,no data,no data,Most brain corals affected by disease.  Most SSID's with dark spot.  Ceranium bloom causing mortality.  Only about 5% of OFAV/MCAV with white disease.,,,,,,,,,,,,,,,,,,,,,,,,,,,,,,,,,,,,,,,,,,,,,,,,,,,,,,,,,,,,,,,,,,,,,,,,,,,,,,,,,,,,,,,,,,,,,,,,,,,,,,,,,,,,,,,,,,,,,,,,,,,,,,,,,,,,,,,,,,,,
In Person, Cory Walter,8/20/2016,10:00,Summerland Key ,FL,Research,Mote Marine Laboratory (MML),24.55324,-81.37922,22,Site P Outplant,no data,other/don't know,no data,no data,no data,no data,no data,No,none,none,none,none,none,none,none,0%,no data,no data,no data,no data,no data,No disease noted,,,, ,, , ,,,,,,, ,, ,, ,, ,,,,,,,,,,,,,,,,,,,,,,,,,,,,,,,,,,,,,,,,,,,,,,,,,,,,,,,,,,,,,,,,,,,,,,,,,,,,,,,,,,,,,,,,,,,,,,,,,,,,,,,,,,,,,,,,,,,,,,,,
In Person, Cory Walter,8/21/2016,10:00,Summerland Key ,FL,Research,Mote Marine Laboratory (MML),24.45930,-81.84322,no data, Eastern Dry Rocks #2,no data,other/don't know,no data,no data,no data,no data,no data,No,none,none,none,none,none,none,none,0%,no data,no data,fire coral,no data,no data,No disease noted,,,, ,, , ,,,,,,, ,, ,, ,, ,, ,,,,,,,,,,,,,,,,,, ,, ,,,,,, ,, ,,,,,,,, ,,,,,,,, ,, ,, ,,,,,,,,,,,, ,,,, ,, ,, ,,,,,,,, ,,,, ,,,,,,, , , ,, , ,,,, , , ,,,,,,,,,, , , ,,,,,,,,
Email, Richard and Patricia Collins,8/21/2016,10:00,Big Pine Key,FL,Resident,Summerland Key Resident ,24.54561,-81.40638,24, Looe Key Buoy 12,Buoy #12,Bank Reef, 0-5 kts,90,no data,no data,no data,No,none,none,none,none,none,none,partial bleaching,1-10%,15,20,no data,no data,no data,,, ,,,,,,,,,,,,,,,,,,,,,,,,,,,,,,,,,,,,,,,,,,,,,,,,,,,,,,,,,,,,,,,,,,,,,,,,,,,,,,,,,,,,,,,,,,,,,,,,,,,,,,,,,,,,,,,,,,,,,,,,,,,,,,,,,,,,,,,,,,
Email,Lauren Toth,8/22/2016,no data,Ft. Lauderdale,FL,Research,United State Geological Society (USGS),24.48078,-81.71164,no data,Western Sambos,entire area,other/don't know,no data,no data,no data,no data,no data,No,none,none,none,none,none,none,none,0%,no data,no data,no data,no data,no data,No disease noted,,,,,,,,,,,,,,,,,,,,,,,,,,,,,,,,,,,,,,,,,,,,,,,,,,,,,,,,,,,,,,,,,,,,,,,,,,,,,,,,,,,,,,,,,,,,,,,,,,,,,,,,,,,,,,,,,,,,,,,,,,,,,,,,,,,,,,,,,,,,
Email,Brian Reckenbeil,8/22/2016,no data,Marathon ,FL,Research, Florida Fish and Wildlife (FWC),24.62556,-81.11067,no data, Sombrero Key Reef,during spawning,Bank Reef,no data,no data,no data,no data,no data,Yes,paling,paling,none,none,none,none,none,1-10%,no data,no data,no data,no data,no data,no disease noted,,,,,,,,,,,,,,,,,,,,,,,,,,,,,,,,,,,,,,,,,,,,,,,,,,,,,,,,,,,,,,,,,,,,,,,,,,,,,,,,,,,,,,,,,,,,,,,,,,,,,,,,,,,,,,,,,,,,,,,,,,,,,,,,,,,,,,,,,,,,
In Person,Cory Walter,8/23/2016,no data,Summerland Key ,FL,Research,Mote Marine Laboratory (MML),24.48680,-81.67739,22,Middle Sambo,no data,other/don't know,no data,no data,no data,no data,no data,No,none,none,none,none,none,none,none,0%,no data,no data,no data,no data,no data,no disease,,,,,,,,,,,,,,,,,,,,,,,,,,,,,,,,,,,,,,,,,,,,,,,,,,,,,,,,,,,,,,,,,,,,,,,,,,,,,,,,,,,,,,,,,,,,,,,,,,,,,,,,,,,,,,,,,,,,,,,,,,,,,,,,,,,,,,,,,,,,
In Person,Cory Walter,8/23/2016,no data,Summerland Key ,FL,Research,Mote Marine Laboratory (MML),24.49204,-81.66200,22,Eastern Sambos,no data,other/don't know,no data,no data,no data,no data,no data,Yes,paling,none,none,paling,none,none,none,1-10%,no data,no data,no data,no data,no data,SSID with white disease,,,,,,,,,,,,,,,,,,,,,,,,,,,,,,,,,,,,,,,,,,,,,,,,,,,,,,,,,,,,,,,,,,,,,,,,,,,,,,,,,,,,,,,,,,,,,,,,,,,,,,,,,,,,,,,,,,,,,,,,,,,,,,,,,,,,,,,,,,,,
In Person,Cory Walter,8/23/2016,no data,Summerland Key ,FL,Research,Mote Marine Laboratory (MML),24.50032,-81.62895,22,Pelican Reef,no data,other/don't know,no data,no data,no data,no data,no data,No,none,none,none,none,none,none,none,0%,no data,no data,no data,no data,no data,BBD on SSID,,,,,,,,,,,,,,,,,,,,,,,,,,,,,,,,,,,,,,,,,,,,,,,,,,,,,,,,,,,,,,,,,,,,,,,,,,,,,,,,,,,,,,,,,,,,,,,,,,,,,,,,,,,,,,,,,,,,,,,,,,,,,,,,,,,,,,,,,,,,
Email, Richard and Patricia Collins,8/23/2016,10:00,Big Pine Key,FL,Resident,Summerland Key Resident ,24.61553,-81.39370,15, Newfound Harbor Sanctuary Preservation Zone,Buoy #4, Mid-Channel Reef,no data,no data,no data,no data,no data,Yes,paling,none,none,none,none,none,none,1-10%,15,20,no data,no data,no data,"Nothing new here, no worse, no better. New boat damage from large craft; probably due to lobster mini-season visitors.",,,, ,,,,,,,,,,,,,,,,,,,,,,,,,,,,,,,,,,,,,,,,,,,,,,,,,,,,,,,,,,,,,,,,,,,,,,,,,,,,,,,,,,,,,,,,,,,,,,,,,,,,,,,,,,,,,,,,,,,,,,,,,,,,,,,,,,,,,,,,
In Person, Cory Walter,8/24/2016,10:00,Summerland Key ,FL,Research,Mote Marine Laboratory (MML),24.51914,-81.53154,40, FRRP-1226,no data,Bank Reef,no data,no data,no data,no data,no data,Yes,paling,none,none,paling,paling,none,paling,1-10%,no data,no data,fire coral,no data,no data,"No disease reported, mostly SSID's paling.",, ,,,,,,,,,,,,,,,,,,,,,,,,,,,,,,,,,,,,,,,,,,,,,,,,,,,,,,,,,,,,,,,,,,,,,,,,,,,,,,,,,,,,,,,,,,,,,,,,,,,,,,,,,,,,,,,,,,,,,,,,,,,,,,,,,,,,,,,,,,
In Person, Cory Walter,8/24/2016,10:00,Summerland Key ,FL,Research,Mote Marine Laboratory (MML),24.51838,-81.53454,no data, FRRP-2221,no data,other/don't know,no data,no data,no data,no data,no data,Yes,paling,none,none,paling,paling,none,none,1-10%,no data,no data,fire coral,no data,no data,"No disease reported, mostly SSID's paling.",,,, ,, ,, , ,,,,,,, ,, ,, ,, ,, ,,,,,,,,,,,,,,,,,,,,,,,,,,,,,,,,,,,,,,,,,,,,,,,,,,,,,,,,,,,,,,,,,,,,,,,,,,,,,,,,,,,,,,,,,,,,,,,,,,,,,,,,,,,,,,,,,,,,
In Person, Cory Walter,8/24/2016,10:00,Summerland Key ,FL,Research,Mote Marine Laboratory (MML),24.52296,-81.51902,19, FRRP-2207,no data,other/don't know,no data,no data,no data,no data,no data,Yes,paling,none,paling,paling,none,none,none,1-10%,no data,no data,fire coral,no data,no data,No disease noted.  Lots of cyano and clumps of red algae.,,,,,,,,,,,,,,,,,,,,,,,,,,,,,,,,,,,,,,,,,,,,,,,,,,,,,,,,,,,,,,,,,,,,,,,,,,,,,,,,,,,,,,,,,,,,,,,,,,,,,,,,,,,,,,,,,,,,,,,,,,,,,,,,,,,,,,,,,,,,
In Person, Cory Walter,8/24/2016,10:00,Summerland Key ,FL,Research,Mote Marine Laboratory (MML),24.52227,-81.51976,22, FRRP-1213,no data,other/don't know,no data,no data,no data,no data,no data,Yes,paling,partial bleaching,none,paling,none,none,none,1-10%,no data,no data,fire coral,no data,no data,No disease noted.,,,,,, ,,,, ,, ,, , ,,,,,,, ,, ,, ,, ,, ,,,,,,,,,,,,,,,,,, ,, ,,,,,, ,, ,,,,,,,, ,,,,,,,, ,, ,, ,,,,,,,,,,,, ,,,, ,, ,, ,,,,,,,, ,,,, ,,,,,,, , , ,, , ,,,, , , ,,,,,,,,,, , , 
In Person, Cory Walter,8/24/2016,10:00,Summerland Key ,FL,Research,Mote Marine Laboratory (MML),24.52136,-81.52074,31, FRRP-1212,no data,other/don't know,no data,no data,no data,no data,no data,Yes,paling,none,none,paling,none,none,none,1-10%,no data,no data,fire coral,no data,no data,No disease noted.,,,, ,,,, ,, ,, , ,,,,,,, ,, ,, ,, ,, ,,,,,,,,,,,,,,,,,,,,,,,,,,,,,,,,,,,,,,,,,,,,,,,,,,,,,,,,,,,,,,,,,,,,,,,,,,,,,,,,,,,,,,,,,,,,,,,,,,,,,,,,,,,,,,,,
In Person,Cory Walter,8/24/2016,no data,Summerland Key ,FL,Research,Mote Marine Laboratory (MML),24.57917,-81.49692,20,Birthday Reef,no data, Patch Reef,no data,no data,no data,no data,no data,Yes,paling,none,paling,paling,none,none,paling,1-10%,no data,no data,fire coral,no data,no data,"White disease on OANN ran it's course, but noticed CNAT with white disease, and 2-3 others looking like diseased",,,,,,,,,,,,,,,,,,,,,,,,,,,,,,,,,,,,,,,,,,,,,,,,,,,,,,,,,,,,,,,,,,,,,,,,,,,,,,,,,,,,,,,,,,,,,,,,,,,,,,,,,,,,,,,,,,,,,,,,,,,,,,,,,,,,,,,,,,,,
Email, Daniel Smith,8/26/2016,no data,Key West ,FL,Dive Industry,Charter Captain,24.66812,-82.38115,30," Marquesas,new grounds Tortugas",no data,Bank Reef,no data,no data,no data,no data,no data,Yes,partial bleaching,bleaching,bleaching,bleaching,bleaching,bleaching,none,11-30%,30,60,gorgonians,no data,no data,filamentous algae at least 3 ft. thick,, ,,,,,,,,,,,,,,,,,,,,,,,,,,,,,,,,,,,,,,,,,,,,,,,,,,,,,,,,,,,,,,,,,,,,,,,,,,,,,,,,,,,,,,,,,,,,,,,,,,,,,,,,,,,,,,,,,,,,,,,,,,,,,,,,,,,,,,,,,,
Email, Jacob Kuhn,8/27/2016,10:00,New Port Richey ,FL,Education, The Nature Conservancey,25.00903,-80.37827,30, Molases Reef, south side,Bank Reef, 10-15 kts,88,85,85,mostly cloudy,Yes,partial bleaching,none,partial bleaching,partial bleaching,none,none,partial bleaching,1-10%,15,30,no data,no data,no data,,, ,,,,,, ,,,, ,, ,,,,,,,,,,,,,,,,,,,,,,,,,,,,,,,,,,,,,,,,,,,,,,,,,,,,,,,,,,,,,,,,,,,,,,,,,,,,,,,,,,,,,,,,,,,,,,,,,,,,,,,,,,,,,,,,,,,,,,,,,,,,,,
Email, Benjamin D'Avanzo,8/29/2016,10:00,Big Pine Key,FL,Research, Florida Fish and Wildlife (FWC),24.62623,-81.10892,20, Sombrero Key Reef,no data,Bank Reef, 0-5 kts,85,86,87,partly cloudy,No,none,none,none,none,none,none,none,0%,no data,no data,no data,no data,no data,"observed during spawning dive to collect gametes with Dr. Karen Neely of White Plague on large CNAT approx. 25-30% mortality, active, sex unknown, white Plague on DCYL colony approx.  25% mortality, active, sex hermaphrodite, photo posted on your Facebook page",,,,,,,,,,,,,,,,,,,,,,,,,,,,,,,,,,,,,,,,,,,,,,,,,,,,,,,,,,,,,,,,,,,,,,,,,,,,,,,,,,,,,,,,,,,,,,,,,,,,,,,,,,,,,,,,,,,,,,,,,,,,,,,,,,,,,,,,,,,,
Email, Alexandra Dubel,9/5/2016,10:00,Key West ,FL,Research,Dry Tortugas National Park (DTNP),24.63510,-82.92140,12, Little Africa - Loggerhead,no data,Bank Reef,no data,no data,no data,no data,no data,Yes,paling,none,none,paling,none,none,none,1-10%,3,12,gorgonians,no data,no data,OANN/SRAD paling,,,, ,,,, ,,,,,,,,,,,,,,,,,,,,,,,,,,,,,,,,,,,,,,,,,,,,,,,,,,,,,,,,,,,,,,,,,,,,,,,,,,,,,,,,,,,,,,,,,,,,,,,,,,,,,,,,,,,,,,,,,,,,,,,,,,,,,,,,,,,,
Email, Alexandra Dubel,9/5/2016,10:00,Key West ,FL,Research,Dry Tortugas National Park (DTNP),24.62833,-82.87472,10, Moat Wall - Fort Jefferson,no data,other/don't know,no data,no data,78,no data,mostly cloudy,Yes,paling,none,none,paling,none,none,none,1-10%,6,6,palythoa,no data,no data,SRAD - paling,, ,,,,,,,,,,,,,,,,,,,,,,,,,,,,,,,,,,,,,,,,,,,,,,,,,,,,,,,,,,,,,,,,,,,,,,,,,,,,,,,,,,,,,,,,,,,,,,,,,,,,,,,,,,,,,,,,,,,,,,,,,,,,,,,,,,,,,,,,,,
In Person, Cory Walter,9/5/2016,10:00,Summerland Key ,FL,Research,Mote Marine Laboratory (MML),24.45930,-81.84322,no data, Eastern Dry Rocks #2,no data,Bank Reef, 5-10 kts,no data,no data,no data,no data,Yes,paling,none,paling,paling,none,none,none,1-10%,no data,no data,fire coral,no data,no data,Minor paling on some MMEA and OFAV,,  ,, ,,,, ,,,, ,,,,,,,,,,,,,,,,,,,,,,,,,,,,,,,,,,,,,,,,,,,,,,,,,,,,,,,,,,,,,,,,,,,,,,,,,,,,,,,,,,,,,,,,,,,,,,,,,,,,,,,,,,,,,,,,,,,,,,,,,,,,,,,,
In Person, Cory Walter,9/6/2016,10:00,Summerland Key ,FL,Research,Mote Marine Laboratory (MML),24.45445,-81.85770,no data, Rock Key,no data,Bank Reef, 5-10 kts,no data,no data,no data,no data,No,none,none,none,none,none,none,none,0%,no data,no data,no data,no data,no data,No disease noted,,,,,,,,,,,,,,,,,,,,,,,,,,,,,,,,,,,,,,,,,,,,,,,,,,,,,,,,,,,,,,,,,,,,,,,,,,,,,,,,,,,,,,,,,,,,,,,,,,,,,,,,,,,,,,,,,,,,,,,,,,,,,,,,,,,,,,,,,,,,
In Person,Peter Horton,9/7/2016,10:10,Key West ,FL,Resident,Key West Resident,24.44483,-81.92653,21,Western Dry Rocks,no data,other/don't know, 10-15 kts,84,86,84,partly cloudy,Yes,paling,none,none,paling,none,none,none,1-10%,no data,no data,palythoa,no data,no data,No disease noted,,,,,,,,,,,,,,,,,,,,,,,,,,,,,,,,,,,,,,,,,,,,,,,,,,,,,,,,,,,,,,,,,,,,,,,,,,,,,,,,,,,,,,,,,,,,,,,,,,,,,,,,,,,,,,,,,,,,,,,,,,,,,,,,,,,,,,,,,,,,
In Person,Peter Horton,9/7/2016,11:40,Key West ,FL,Resident,Key West Resident,24.45435,-81.85775,21,Rock Key,no data,other/don't know, 10-15 kts,86,84,81,partly cloudy,No,none,none,none,none,none,none,none,0%,no data,no data,palythoa,no data,no data,No disease noted,,,,,,,,,,,,,,,,,,,,,,,,,,,,,,,,,,,,,,,,,,,,,,,,,,,,,,,,,,,,,,,,,,,,,,,,,,,,,,,,,,,,,,,,,,,,,,,,,,,,,,,,,,,,,,,,,,,,,,,,,,,,,,,,,,,,,,,,,,,,
In Person,Peter Horton,9/7/2016,12:30,Key West ,FL,Resident,Key West Resident,24.54233,-81.78993,12,Casa Marina Reef,no data,other/don't know, 10-15 kts,88,84,81,partly cloudy,No,none,none,none,none,none,none,none,0%,no data,no data,no data,no data,no data,No disease noted,,,,,,,,,,,,,,,,,,,,,,,,,,,,,,,,,,,,,,,,,,,,,,,,,,,,,,,,,,,,,,,,,,,,,,,,,,,,,,,,,,,,,,,,,,,,,,,,,,,,,,,,,,,,,,,,,,,,,,,,,,,,,,,,,,,,,,,,,,,,
Email,Meaghan Johnson,9/7/2016,no data,Big Pine Key,FL,Research,The Nature Conservancey,24.59711,-81.26461,25,FRRP-3001,no data,other/don't know,no data,no data,no data,no data,no data,Yes,paling,none,paling,paling,none,none,none,1-10%,no data,no data,no data,no data,no data,No disease noted,,,,,,,,,,,,,,,,,,,,,,,,,,,,,,,,,,,,,,,,,,,,,,,,,,,,,,,,,,,,,,,,,,,,,,,,,,,,,,,,,,,,,,,,,,,,,,,,,,,,,,,,,,,,,,,,,,,,,,,,,,,,,,,,,,,,,,,,,,,,
Email,Meaghan Johnson,9/7/2016,no data,Big Pine Key,FL,Research,The Nature Conservancey,24.62170,-81.15642,25,FRRP-3002,no data,other/don't know,no data,no data,no data,no data,no data,Yes,paling,none,paling,paling,none,none,none,1-10%,no data,no data,no data,no data,no data,No disease noted,,,,,,,,,,,,,,,,,,,,,,,,,,,,,,,,,,,,,,,,,,,,,,,,,,,,,,,,,,,,,,,,,,,,,,,,,,,,,,,,,,,,,,,,,,,,,,,,,,,,,,,,,,,,,,,,,,,,,,,,,,,,,,,,,,,,,,,,,,,,
Email,Meaghan Johnson,9/7/2016,no data,Big Pine Key,FL,Research,The Nature Conservancey,24.60183,-81.20769,25,FRRP-3004,no data,other/don't know,no data,no data,no data,no data,no data,Yes,paling,none,paling,paling,none,none,none,1-10%,no data,no data,no data,no data,no data,No disease noted,,,,,,,,,,,,,,,,,,,,,,,,,,,,,,,,,,,,,,,,,,,,,,,,,,,,,,,,,,,,,,,,,,,,,,,,,,,,,,,,,,,,,,,,,,,,,,,,,,,,,,,,,,,,,,,,,,,,,,,,,,,,,,,,,,,,,,,,,,,,
Email,Meaghan Johnson,9/7/2016,no data,Big Pine Key,FL,Research,The Nature Conservancey,24.59492,-81.22578,30,FRRP-2171,no data,other/don't know,no data,no data,no data,no data,no data,Yes,paling,none,paling,paling,none,none,none,1-10%,no data,no data,no data,no data,no data,6 MMEA with DS disease,,,,,,,,,,,,,,,,,,,,,,,,,,,,,,,,,,,,,,,,,,,,,,,,,,,,,,,,,,,,,,,,,,,,,,,,,,,,,,,,,,,,,,,,,,,,,,,,,,,,,,,,,,,,,,,,,,,,,,,,,,,,,,,,,,,,,,,,,,,,
Email,Trudy Ferraro,9/7/2016,no data,Key Largo ,FL,Research,Florida Park Service (FPS),25.04497,-80.39637,no data,Pennekamp Park,no data,other/don't know,no data,no data,no data,no data,no data,No,none,none,none,none,none,none,none,0%,no data,no data,no data,no data,no data,"DS on SSID, disease level low, effecting ~50% species",,,,,,,,,,,,,,,,,,,,,,,,,,,,,,,,,,,,,,,,,,,,,,,,,,,,,,,,,,,,,,,,,,,,,,,,,,,,,,,,,,,,,,,,,,,,,,,,,,,,,,,,,,,,,,,,,,,,,,,,,,,,,,,,,,,,,,,,,,,,
Email, Michele Mason,9/11/2016,10:00,Summerland Key ,FL,Resident,Summerland Key Resident,24.61553,-81.39370,7.3, Newfound Harbor Sanctuary Preservation Zone,Buoy #1, Patch Reef, 5-10 kts,84,83,no data,partly cloudy,Yes,paling,none,paling,paling,none,none,none,11-30%,4,7,no data,no data,no data,"Spiny black sea urchins (2-3) observed with 50% or greater of their spines being white/grey. I have not seen this before at this exact location (observed in June, July, August) .  I did not notice any with loss of",,,,,,  ,, ,,,, ,,,, ,,,,,,,,,,,,,,,,,,,,,,,,,,,,,,,,,,,,,,,,,,,,,,,,,,,,,,,,,,,,,,,,,,,,,,,,,,,,,,,,,,,,,,,,,,,,,,,,,,,,,,,,,,,,,,,,,,,,,,,,,,,,
In Person,Cory Walter,9/12/2016,no data,Summerland Key ,FL,Research,Mote Marine Laboratory (MML),24.61658,-81.39073,8,FRRP-1193,no data,other/don't know, 5-10 kts,no data,no data,no data,no data,No,none,no data,no data,none,none,none,none,0%,no data,no data,no data,no data,no data,No disease noted,,,,,,,,,,,,,,,,,,,,,,,,,,,,,,,,,,,,,,,,,,,,,,,,,,,,,,,,,,,,,,,,,,,,,,,,,,,,,,,,,,,,,,,,,,,,,,,,,,,,,,,,,,,,,,,,,,,,,,,,,,,,,,,,,,,,,,,,,,,,
In Person,Cory Walter,9/12/2016,no data,Summerland Key ,FL,Research,Mote Marine Laboratory (MML),24.54690,-81.42886,35,FRRP-2220,no data,other/don't know, 5-10 kts,no data,no data,no data,no data,Yes,paling,none,none,paling,none,none,none,1-10%,no data,no data,no data,no data,no data,No disease noted,,,,,,,,,,,,,,,,,,,,,,,,,,,,,,,,,,,,,,,,,,,,,,,,,,,,,,,,,,,,,,,,,,,,,,,,,,,,,,,,,,,,,,,,,,,,,,,,,,,,,,,,,,,,,,,,,,,,,,,,,,,,,,,,,,,,,,,,,,,,
In Person,Cory Walter,9/12/2016,no data,Summerland Key ,FL,Research,Mote Marine Laboratory (MML),24.54610,-81.40730,12,FRRP-1214,no data,other/don't know, 5-10 kts,no data,no data,no data,no data,No,none,none,none,none,none,none,none,0%,no data,no data,no data,no data,no data,White disease on OFAV,,,,,,,,,,,,,,,,,,,,,,,,,,,,,,,,,,,,,,,,,,,,,,,,,,,,,,,,,,,,,,,,,,,,,,,,,,,,,,,,,,,,,,,,,,,,,,,,,,,,,,,,,,,,,,,,,,,,,,,,,,,,,,,,,,,,,,,,,,,,
In Person,Cory Walter,9/12/2016,no data,Summerland Key ,FL,Research,Mote Marine Laboratory (MML),24.56692,-81.38860,24,FRRP-1207,no data,other/don't know, 5-10 kts,no data,no data,no data,no data,No,none,none,none,none,none,none,none,0%,no data,no data,no data,no data,no data,No disease noted,,,,,,,,,,,,,,,,,,,,,,,,,,,,,,,,,,,,,,,,,,,,,,,,,,,,,,,,,,,,,,,,,,,,,,,,,,,,,,,,,,,,,,,,,,,,,,,,,,,,,,,,,,,,,,,,,,,,,,,,,,,,,,,,,,,,,,,,,,,,
In Person,Cory Walter,9/14/2016,no data,Summerland Key ,FL,Research,Mote Marine Laboratory (MML),24.52639,-81.62442,26,FRRP-1199,no data, Mid-Channel Reef, 5-10 kts,no data,no data,no data,no data,No,none,none,none,none,none,none,none,0%,no data,no data,no data,no data,no data,No disease noted,,,,,,,,,,,,,,,,,,,,,,,,,,,,,,,,,,,,,,,,,,,,,,,,,,,,,,,,,,,,,,,,,,,,,,,,,,,,,,,,,,,,,,,,,,,,,,,,,,,,,,,,,,,,,,,,,,,,,,,,,,,,,,,,,,,,,,,,,,,,
In Person,Cory Walter,9/14/2016,no data,Summerland Key ,FL,Research,Mote Marine Laboratory (MML),24.54826,-81.57417,18,FRRP-1200,no data,other/don't know, 5-10 kts,no data,no data,no data,no data,No,none,none,none,none,none,none,none,0%,no data,no data,no data,no data,no data,No disease noted,,,,,,,,,,,,,,,,,,,,,,,,,,,,,,,,,,,,,,,,,,,,,,,,,,,,,,,,,,,,,,,,,,,,,,,,,,,,,,,,,,,,,,,,,,,,,,,,,,,,,,,,,,,,,,,,,,,,,,,,,,,,,,,,,,,,,,,,,,,,
In Person,Cory Walter,9/14/2016,no data,Summerland Key ,FL,Research,Mote Marine Laboratory (MML),24.58155,-81.57414,19,Random,no data,other/don't know, 5-10 kts,no data,no data,no data,no data,No,none,none,none,none,none,none,none,0%,no data,no data,no data,no data,no data,No disease noted,,,,,,,,,,,,,,,,,,,,,,,,,,,,,,,,,,,,,,,,,,,,,,,,,,,,,,,,,,,,,,,,,,,,,,,,,,,,,,,,,,,,,,,,,,,,,,,,,,,,,,,,,,,,,,,,,,,,,,,,,,,,,,,,,,,,,,,,,,,,
In Person,Cory Walter,9/14/2016,no data,Summerland Key ,FL,Research,Mote Marine Laboratory (MML),24.55933,-81.50905,19,FRRP-2190,no data,other/don't know, 5-10 kts,no data,no data,no data,no data,No,none,none,none,none,none,none,none,0%,no data,no data,no data,no data,no data,No disease noted,,,,,,,,,,,,,,,,,,,,,,,,,,,,,,,,,,,,,,,,,,,,,,,,,,,,,,,,,,,,,,,,,,,,,,,,,,,,,,,,,,,,,,,,,,,,,,,,,,,,,,,,,,,,,,,,,,,,,,,,,,,,,,,,,,,,,,,,,,,,
In Person,Cory Walter,9/16/2016,no data,Summerland Key ,FL,Research,Mote Marine Laboratory (MML),24.55268,-81.38230,20, Combat Wounded Veterans,no data,other/don't know, 5-10 kts,no data,no data,no data,no data,No,none,none,none,none,none,none,none,0%,no data,no data,no data,no data,no data,White band of ACER outplants,,,,,,,,,,,,,,,,,,,,,,,,,,,,,,,,,,,,,,,,,,,,,,,,,,,,,,,,,,,,,,,,,,,,,,,,,,,,,,,,,,,,,,,,,,,,,,,,,,,,,,,,,,,,,,,,,,,,,,,,,,,,,,,,,,,,,,,,,,,,
In Person,Cory Walter,9/16/2016,no data,Summerland Key ,FL,Research,Mote Marine Laboratory (MML),24.54961,-81.44187,27,FRRP-2213,no data,other/don't know, 5-10 kts,no data,no data,no data,no data,No,none,none,none,none,none,none,none,0%,no data,no data,no data,no data,no data,No disease noted,,,,,,,,,,,,,,,,,,,,,,,,,,,,,,,,,,,,,,,,,,,,,,,,,,,,,,,,,,,,,,,,,,,,,,,,,,,,,,,,,,,,,,,,,,,,,,,,,,,,,,,,,,,,,,,,,,,,,,,,,,,,,,,,,,,,,,,,,,,,
In Person,Peter Horton,9/18/2016,no data,Key West ,FL,Resident,Key West Resident,24.44483,-81.92653,21,Western Dry Rocks,no data,other/don't know,no data,no data,no data,no data,no data,No,none,none,none,none,none,none,none,0%,no data,no data,no data,no data,no data,,,,,,,,,,,,,,,,,,,,,,,,,,,,,,,,,,,,,,,,,,,,,,,,,,,,,,,,,,,,,,,,,,,,,,,,,,,,,,,,,,,,,,,,,,,,,,,,,,,,,,,,,,,,,,,,,,,,,,,,,,,,,,,,,,,,,,,,,,,,,
In Person,Peter Horton,9/18/2016,no data,Key West ,FL,Resident,Key West Resident,24.45435,-81.85775,21,Rock Key,no data,other/don't know,no data,no data,no data,no data,no data,No,none,none,none,none,none,none,none,0%,no data,no data,no data,no data,no data,,,,,,,,,,,,,,,,,,,,,,,,,,,,,,,,,,,,,,,,,,,,,,,,,,,,,,,,,,,,,,,,,,,,,,,,,,,,,,,,,,,,,,,,,,,,,,,,,,,,,,,,,,,,,,,,,,,,,,,,,,,,,,,,,,,,,,,,,,,,,
In Person,Peter Horton,9/18/2016,no data,Key West ,FL,Resident,Key West Resident,24.54233,-81.78993,12,Casa Marina Reef,no data,other/don't know,no data,no data,no data,no data,no data,No,none,none,none,none,none,none,none,0%,no data,no data,no data,no data,no data,,,,,,,,,,,,,,,,,,,,,,,,,,,,,,,,,,,,,,,,,,,,,,,,,,,,,,,,,,,,,,,,,,,,,,,,,,,,,,,,,,,,,,,,,,,,,,,,,,,,,,,,,,,,,,,,,,,,,,,,,,,,,,,,,,,,,,,,,,,,,
In Person,Cory Walter,9/19/2016,no data,Summerland Key ,FL,Research,Mote Marine Laboratory (MML),24.55319,-81.37940,19,FRRP-3014,no data,Bank Reef, 5-10 kts,no data,no data,no data,no data,Yes,paling,none,paling,paling,none,none,none,1-10%,no data,no data,no data,no data,no data,white disease on Sid,,,,,,,,,,,,,,,,,,,,,,,,,,,,,,,,,,,,,,,,,,,,,,,,,,,,,,,,,,,,,,,,,,,,,,,,,,,,,,,,,,,,,,,,,,,,,,,,,,,,,,,,,,,,,,,,,,,,,,,,,,,,,,,,,,,,,,,,,,,,
In Person,Cory Walter,9/19/2016,no data,Summerland Key ,FL,Research,Mote Marine Laboratory (MML),24.53840,-81.45338,19,FRRP-3013,no data,other/don't know, 5-10 kts,no data,no data,no data,no data,Yes,paling,none,paling,paling,none,none,none,1-10%,no data,no data,no data,no data,no data,dark spot disease on MMEA,,,,,,,,,,,,,,,,,,,,,,,,,,,,,,,,,,,,,,,,,,,,,,,,,,,,,,,,,,,,,,,,,,,,,,,,,,,,,,,,,,,,,,,,,,,,,,,,,,,,,,,,,,,,,,,,,,,,,,,,,,,,,,,,,,,,,,,,,,,,
Email,Jessica Dockery,9/20/2016,no data,Key Largo ,FL,Education, MarineLab,25.13813,-80.28827,18,North North Dry Rocks,no data,other/don't know, 5-10 kts,no data,no data,no data,no data,No,none,none,none,none,none,none,none,0%,no data,no data,no data,no data,no data,No disease noted,,,,,,,,,,,,,,,,,,,,,,,,,,,,,,,,,,,,,,,,,,,,,,,,,,,,,,,,,,,,,,,,,,,,,,,,,,,,,,,,,,,,,,,,,,,,,,,,,,,,,,,,,,,,,,,,,,,,,,,,,,,,,,,,,,,,,,,,,,,,
Email, Cindy Lewis,9/21/2016,10:00,Long Key ,FL,Research, Keys Marine Laboratory (KML),24.76282,-80.75593,30, Middle Keys, Tennessee ROA Big Anchor,Bank Reef, 0-5 kts,86,86,90,clear,No,none,none,none,none,none,none,none,0%,25,30,no data,no data,no data,"no active BBD or WP; many large dead coral heads - probably from 2015? Salinity bottom 37.9ppt, ph7.89, top salinity 29.9ppt, ph. 7.971 medium S SSID was 50% recent dead - blotchy disease?1 medium S SSID was 50% recent dead - blotchy disease?", , ,,,,,,  ,, ,,,, ,,,, ,,,,,,,,,,,,,,,,,,,,,,,,,,,,,,,,,,,,,,,,,,,,,,,,,,,,,,,,,,,,,,,,,,,,,,,,,,,,,,,,,,,,,,,,,,,,,,,,,,,,,,,,,,,,,,,,,,,,,,,,,,
Email,Jenni Stein,9/21/2016,no data,Big Pine Key,FL,Research,The Nature Conservancey,24.99920,-80.42314,no data,FRRP-1112,no data,other/don't know,no data,no data,no data,no data,no data,Yes,paling,no data,no data,no data,no data,no data,no data,1-10%,no data,no data,no data,no data,no data,No disease noted,,,,,,,,,,,,,,,,,,,,,,,,,,,,,,,,,,,,,,,,,,,,,,,,,,,,,,,,,,,,,,,,,,,,,,,,,,,,,,,,,,,,,,,,,,,,,,,,,,,,,,,,,,,,,,,,,,,,,,,,,,,,,,,,,,,,,,,,,,,,
Email,Jenni Stein,9/21/2016,no data,Big Pine Key,FL,Research,The Nature Conservancey,24.95505,-80.45795,no data,FRRP-1148,no data,other/don't know,no data,no data,no data,no data,no data,Yes,paling,no data,no data,no data,no data,no data,no data,1-10%,no data,no data,no data,no data,no data,White plague on 3 coloniesbut might be more,,,,,,,,,,,,,,,,,,,,,,,,,,,,,,,,,,,,,,,,,,,,,,,,,,,,,,,,,,,,,,,,,,,,,,,,,,,,,,,,,,,,,,,,,,,,,,,,,,,,,,,,,,,,,,,,,,,,,,,,,,,,,,,,,,,,,,,,,,,,
Email, Shelby Hammett,9/22/2016,no data,Key West ,FL,Research,Mote Marine Laboratory (MML),24.62135,-81.36292,14, Reskinning Site,no data, Patch Reef, 5-10 kts,86,85,85,clear,No,none,none,none,none,none,none,none,0%,no data,no data,no data,no data,no data,,,,,,,,,,,,,,,,,,,,,,,,,,,,,,,,,,,,,,,,,,,,,,,,,,,,,,,,,,,,,,,,,,,,,,,,,,,,,,,,,,,,,,,,,,,,,,,,,,,,,,,,,,,,,,,,,,,,,,,,,,,,,,,,,,,,,,,,,,,,,
Email, Michele Mason,9/23/2016,10:00,Summerland Key ,FL,Resident,Summerland Key Resident,24.61553,-81.39370,8, Newfound Harbor Sanctuary Preservation Zone,Buoy #1, Patch Reef, 0-5 kts,83,86,no data,mostly cloudy,Yes,paling,none,none,none,none,none,none,31-50%,4,7,gorgonians,no data,no data,Erythropodium found to be nearly fully bleached.,, ,,, , ,,,,,,  ,, ,,,, ,,,, ,,,,,,,,,,,,,,,,,,,,,,,,,,,,,,,,,,,,,,,,,,,,,,,,,,,,,,,,,,,,,,,,,,,,,,,,,,,,,,,,,,,,,,,,,,,,,,,,,,,,,,,,,,,,,,,,,,,,,,
Email, Shelby Hammett,9/23/2016,no data,Key West ,FL,Research,Mote Marine Laboratory (MML),24.54475,-81.81052,14, Ft. Zachary Taylor Park,no data,other/don't know, 5-10 kts,86,84,84,clear,No,none,none,none,none,none,none,none,0%,no data,no data,no data,no data,no data,,,,,,,,,,,,,,,,,,,,,,,,,,,,,,,,,,,,,,,,,,,,,,,,,,,,,,,,,,,,,,,,,,,,,,,,,,,,,,,,,,,,,,,,,,,,,,,,,,,,,,,,,,,,,,,,,,,,,,,,,,,,,,,,,,,,,,,,,,,,,
Email,Jeri Goldberg,9/25/2016,9:00,Islamorada ,FL,Dive Industry,Key Dives/Giant Stride,24.84724,-80.62019,no data, Alligator SPA,no data, Mid-Channel Reef, 5-10 kts,85,83,83,partly cloudy,No,none,none,none,none,none,none,none,0%,no data,no data,no data,no data,no data,,,,,,,,,,,,,,,,,,,,,,,,,,,,,,,,,,,,,,,,,,,,,,,,,,,,,,,,,,,,,,,,,,,,,,,,,,,,,,,,,,,,,,,,,,,,,,,,,,,,,,,,,,,,,,,,,,,,,,,,,,,,,,,,,,,,,,,,,,,,,
Email,Jeri Goldberg,9/25/2016,10:30,Islamorada ,FL,Dive Industry,Key Dives/Giant Stride,24.87877,-80.57062,78,Captain Arnos,no data,Deep Reef,no data,85,82,82,partly cloudy,Yes,paling,none,none,paling,none,none,none,1-10%,no data,no data,no data,no data,no data,,,,,,,,,,,,,,,,,,,,,,,,,,,,,,,,,,,,,,,,,,,,,,,,,,,,,,,,,,,,,,,,,,,,,,,,,,,,,,,,,,,,,,,,,,,,,,,,,,,,,,,,,,,,,,,,,,,,,,,,,,,,,,,,,,,,,,,,,,,,,
Email, Cindy Lewis,9/25/2016,10:00,Long Key ,FL,Research, Keys Marine Laboratory (KML),24.71823,-80.82143,113, Middle Keys, Long Key Reef, Deep Reef, 5-10 kts,82,86,86,partly cloudy,No,none,none,none,none,none,none,none,0%,100,115,no data,no data,no data,3 medium size colonies -S SSID with 'blotchy' disease 25-50% recent mortality; all other species appeared healthy,,,,,,,,,,,,,,,,,,,,,,,,,,,,,,,,,,,,,,,,,,,,,,,,,,,,,,,,,,,,,,,,,,,,,,,,,,,,,,,,,,,,,,,,,,,,,,,,,,,,,,,,,,,,,,,,,,,,,,,,,,,,,,,,,,,,,,,,,,,,
Email, Shelby Hammett,9/28/2016,10:00,Key West ,FL,Research,Mote Marine Laboratory (MML),24.45910,-81.84433,25, Eastern Dry Rocks,no data,Bank Reef, 0-5 kts,86,84,84,partly cloudy,No,none,none,none,none,none,none,none,0%,no data,no data,no data,no data,no data,,,,, ,, ,,, , ,,,,,,  ,, ,,,, ,,,, ,,,,,,,,,,,,,,,,,,,,,,,,,,,,,,,,,,,,,,,,,,,,,,,,,,,,,,,,,,,,,,,,,,,,,,,,,,,,,,,,,,,,,,,,,,,,,,,,,,,,,,,,,,,,,,,,,,
Email, Shelby Hammett,9/28/2016,10:00,Key West ,FL,Research,Mote Marine Laboratory (MML),24.45461,-81.85935,23, Rock Key,no data,Bank Reef, 0-5 kts,86,84,84,partly cloudy,No,none,none,none,none,none,none,none,0%,no data,no data,no data,no data,no data,,,,,,, ,, ,,, , ,,,,,,  ,,,,,,,,,,,,,,,,,,,,,,,,,,,,,,,,,,,,,,,,,,,,,,,,,,,,,,,,,,,,,,,,,,,,,,,,,,,,,,,,,,,,,,,,,,,,,,,,,,,,,,,,,,,,,,,,,,,,,,,,,,
Email, Shelby Hammett,9/29/2016,no data,Key West ,FL,Research,Mote Marine Laboratory (MML),24.53840,-81.45350,25, Site U/SWG Outplant Site,no data,Bank Reef, 5-10 kts,86,84,84,clear,No,none,none,none,none,none,none,none,0%,no data,no data,no data,no data,no data,,,,,,,,, ,, ,,,,,,,,,,,,,,,,,,,,,,,,,,,,,,,,,,,,,,,,,,,,,,,,,,,,,,,,,,,,,,,,,,,,,,,,,,,,,,,,,,,,,,,,,,,,,,,,,,,,,,,,,,,,,,,,,,,,,,,,,,,,,,,,,,
Email, Shelby Hammett,9/30/2016,no data,Key West ,FL,Research,Mote Marine Laboratory (MML),24.55290,-81.38015,27,Site P Outplant,no data,Bank Reef, 0-5 kts,86,84,84,clear,No,none,none,none,none,none,none,none,0%,no data,no data,no data,no data,no data,,,,,,,,,,,,,,,,,,,,,,,,,,,,,,,,,,,,,,,,,,,,,,,,,,,,,,,,,,,,,,,,,,,,,,,,,,,,,,,,,,,,,,,,,,,,,,,,,,,,,,,,,,,,,,,,,,,,,,,,,,,,,,,,,,,,,,,,,,,,,
In Person,Peter Horton,9/30/2016,13:00,Key West ,FL,Resident,Key West Resident,24.44488,-81.92648,21,Western Dry Rocks,no data,Bank Reef, 5-10 kts,88,86,80,clear,No,none,none,none,none,none,none,none,0%,no data,no data,palythoa,no data,no data,,,,,,,,,,,,,,,,,,,,,,,,,,,,,,,,,,,,,,,,,,,,,,,,,,,,,,,,,,,,,,,,,,,,,,,,,,,,,,,,,,,,,,,,,,,,,,,,,,,,,,,,,,,,,,,,,,,,,,,,,,,,,,,,,,,,,,,,,,,,,
In Person,Peter Horton,9/30/2016,14:45,Key West ,FL,Resident,Key West Resident,24.45432,-81.85773,21,Rock Key,no data,Bank Reef, 5-10 kts,88,86,81,partly cloudy,No,none,none,none,none,none,none,none,0%,no data,no data,palythoa,no data,no data,,,,,,,,,,,,,,,,,,,,,,,,,,,,,,,,,,,,,,,,,,,,,,,,,,,,,,,,,,,,,,,,,,,,,,,,,,,,,,,,,,,,,,,,,,,,,,,,,,,,,,,,,,,,,,,,,,,,,,,,,,,,,,,,,,,,,,,,,,,,,
Email, Shelby Hammett,10/1/2016,no data,Key West ,FL,Research,Mote Marine Laboratory (MML),24.55268,-81.38230,27, Combat Wounded Veterans,no data,Bank Reef, 0-5 kts,86,84,84,clear,No,none,none,none,none,none,none,none,0%,no data,no data,no data,no data,no data,,,,,,,,,,,,,,,,,,,,,,,,,,,,,,,,,,,,,,,,,,,,,,,,,,,,,,,,,,,,,,,,,,,,,,,,,,,,,,,,,,,,,,,,,,,,,,,,,,,,,,,,,,,,,,,,,,,,,,,,,,,,,,,,,,,,,,,,,,,,,
Email, Shelby Hammett, 10/03/2016,10:00,Key West ,FL,Research,Mote Marine Laboratory (MML),24.50130,-81.69432,30, FRRP-2196,no data, Hardbottom, 15-20 kts,no data,84,84,no data,No,none,none,none,none,none,none,none,0%,no data,no data,no data,no data,no data,,,,,,, ,, ,,, ,,,,,,,,,,,,,,,,,,,,,,,,,,,,,,,,,,,,,,,,,,,,,,,,,,,,,,,,,,,,,,,,,,,,,,,,,,,,,,,,,,,,,,,,,,,,,,,,,,,,,,,,,,,,,,,,,,,,,,,,,,,,,,,,,
Email, Shelby Hammett, 10/03/2016,10:00,Key West ,FL,Research,Mote Marine Laboratory (MML),24.50202,-81.61847,20,Pelican Reef,no data,Bank Reef, 15-20 kts,86,84,84,partly cloudy,No,none,none,none,none,none,none,none,0%,no data,no data,no data,no data,no data,,,,,,,,,,,,,,,,,,,,,,,,,,,,,,,,,,,,,,,,,,,,,,,,,,,,,,,,,,,,,,,,,,,,,,,,,,,,,,,,,,,,,,,,,,,,,,,,,,,,,,,,,,,,,,,,,,,,,,,,,,,,,,,,,,,,,,,,,,,,,
,,,,,,,, , ,, ,, ,,,,,,,,,,,,,,,,,,,,,,,,,,,,,,,,,,,,,,,,,,,,,,,,,no data,no data,no data,,,,,,,,,,,,,,,,,,,,,,,,,,,,,,,,,,,,,,,,,,,,,,,,,,,,,,,,,,,,,,,,,,,,,,,,,,,,,,,,,,,,,,,,,,,,,,,,,,,,,,,,,,,,,
